_ditaa2frLd7Mhet36iK5QQ,36.325423,127.404574,,, 
_hQVRf9Uwci0MRoa25AS6HA,36.361631,127.39596,,,
_9HpVIoxmoESmTHQdaFTIeg,36.35648,127.366636,,,
_OdehwICjw3a4uwrZztWbDQ,36.350145,127.409842,,,
_MFfzaXGMj5pE7eG9cdek0g,36.323396,127.380549,,,
_oDqBAYTdiiBxvdsv9BBP-A,36.364879,127.381115,,,
_rKEL8G1cYm88c2U693vPKw,36.337188,127.378625,,,
_JL9T0tUa4whO7f3rrE82cg,36.361456,127.355596,,,
_cl9vleUZTN4rgHGGaFrsIg,36.352963,127.370438,,,
_bM0RE1aUz_UC3zP-_PuTVA,36.358657,127.379633,,,
_ArB_SH-RMiWTNMoYPC8Yjw,36.328241,127.400816,,,
_4lyYW5jUGkvg26YnzG3aIA,36.357645,127.409822,,,
_70pVBTbHCSUcccX0H3ikng,36.330484,127.405913,,,
_GkXOqmZOyQb2BOJCi6j8jg,36.349683,127.364327,,,
_b95TiGQxwzUw9KmxVY0jGA,36.335659,127.367275,,,
_gqi5Hv2cfj6901odJt5eoQ,36.339262,127.381245,,,
_pLkXvA2gQw-5igJZEtGgkA,36.329548,127.393434,,,
_o2Vhv7qz2a4LiFltnc5amg,36.337779,127.377996,,,
_ONFWsEkIwPe2sKl2zDupLg,36.352717,127.354361,,,
_vhEURcPxcD4PZe4dDKayIw,36.345953,127.383417,,,
_P_2Bh7x5czMN8WdptpDRVg,36.328903,127.392769,,,
_JIW2Sd4Hc0MXvJkZFvopkQ,36.342021,127.392025,,,
_UuwPA19-MTCtetrAbHzttA,36.339685,127.374738,,,
_er0dg7kLwpPszz7PMMMA3Q,36.324315,127.397948,,,
__Poh5VORn6fK16dM1vnLtg,36.361737,127.350412,,,
_ezdzqgG9hmqQa6ZxCXMuQQ,36.325842,127.40939,,,
_lvyq1otLiVfqcrXH6u7S6Q,36.328774,127.381298,,,
_XbjSYbZSjbyu2cYpVwA88A,36.337541,127.404668,,,
_QXlvZaiYJYfcqfLoH6-Hmg,36.365671,127.371878,,,
_hSj2zB4cXb7ASxqsfCYwlg,36.355782,127.396803,,,
_9002yDae-kON_1tI-RRGlw,36.353728,127.407752,,,
_NOJklTJ7YhitlmM5kqiQJg,36.353231,127.348262,,,
_MTqzKjhYGiKdC10EfSPfOg,36.354459,127.34893,,,
_h12A_ngXqC-2L1-j00F8Ew,36.360455,127.349499,,,
_3FaNF5q906465nFSbSnt3A,36.350074,127.375351,,,
_LVbHjtQFnIuzFRoeyaHu2w,36.347252,127.397039,,,
_ZFu3zZB_S3roRPF96dsO9A,36.352221,127.366895,,,
_BxqUySqnVefvIiMRP3zxTQ,36.339113,127.399539,,,
_OpJ8Zw5QzTCVT_p1CZmKSg,36.341517,127.399479,,,
_ndVJmFB3CU2QrbOCDX7vCg,36.329004,127.368997,,,
_mfBMQio7IdavKpmmKrWhiQ,36.33515,127.372257,,,
_NEwtlIRWAprx33ELoBETAg,36.329482,127.402964,,,
_nWPLtPcT1AQLd5kGwL5TSw,36.328987,127.381554,,,
_1VuZznMLjXlbRRUGaFMPMg,36.339007,127.391202,,,
_McvS5TktKFCQa1XQiRtcLg,36.341072,127.383512,,,
_8TQ4IaFPPV4EEyK5UfKeNw,36.331983,127.378417,,,
_jNk3Xsv3XCWcFIm6W6FSjg,36.33823,127.404876,,,
_8Sgtr98_tV9LwVu8Ak91iw,36.362345,127.354096,,,
_jK7cE0PLC_FT9jZjGBtvUg,36.340941,127.373661,,,
_Gvbiq24nwBjhkYR-l-H1jQ,36.340407,127.399363,,,
_yMrTP_8fXjmeW4EOGkULiw,36.35016,127.405255,,,
_pDHVlzRPN-jGZifHeyhqOg,36.328074,127.404696,,,
_Rf0b6ue6zrah8RjNP9JNUQ,36.349885,127.370209,,,
_sYRmJ1a39NA_btdZnR-P-w,36.356878,127.405444,,,
_hY1KbWaIIOEHQOd0F4WnhQ,36.344044,127.390773,,,
_9uiZWxWYZZPndlAkThkO3A,36.329127,127.399906,,,
_D4PhD6AFzByEMZkeF7Mnqw,36.325598,127.40096,,,
_bAoTKpvHJWC0sE_ca8F0JA,36.345285,127.374233,,,
_yqcE2b55TMgw7KqLhRGMvA,36.346767,127.373369,,,
_5qwoB5Oi-tCWezewzw72-A,36.325389,127.392765,,,
_kTk44AjkvMkRF18zJQubKA,36.35796,127.405069,,,
_RlqG-Jp6OYIZqNHqYRQioA,36.330659,127.368582,,,
_FzjGgma0Y5hZzxdcdyQmwg,36.359206,127.404059,,,
_dR72Fe9hVSHk7_mH8ojqgg,36.340664,127.373335,,,
_ZkiQU1Uaa2UiiSPWM4IK_A,36.332184,127.400583,,,
_L_A-0yarAiqEiv4gc0hbWQ,36.347827,127.347804,,,
_Oyri8PwVgseS6RQQLIkqMA,36.337283,127.395099,,,
_8dh9aHacfHr0bMHiAcEvIw,36.331711,127.405741,,,
_gEqQ8dMovP_yrefC0c9HIQ,36.322904,127.370238,,,
_we7nKO7mL2oQUrBm21KifA,36.358902,127.346929,,,
_aCo1oqHuCLpMWDCi-BZPlg,36.349454,127.377954,,,
_sh0Q_VqiZP1krC2kq8lw6g,36.351732,127.409851,,,
_7lKcmHLjx5aqP_muCEtdSQ,36.33708,127.378487,,,
_vUJeBWHSX1INhHWheThixg,36.344668,127.404675,,,
_YmgSinrrcIcdGkT7IW3K_A,36.323774,127.378849,,,
_65vSlUMDpaUAv43s1NA0Uw,36.352834,127.407144,,,
_Yn1nQ3jAfbwuGGjk0TMzgg,36.3567,127.390161,,,
_6k-ySp9kr3OLi1CvQ-o5Hw,36.347505,127.377482,,,
_Eus25z2ulSu_ADoLelif5A,36.33794,127.386096,,,
_xbJlRbBl2QZALFN2yBUDMg,36.327395,127.348076,,,
_sNkgWACu0Hzt529su0lMbA,36.354857,127.361843,,,
_nz41JE0-WdrEXSJGJdHBSQ,36.321787,127.394717,,,
_ep7uncl17SnqI2u0-2SXjA,36.357896,127.409946,,,
_NmD2GWBDAI9yZiG22biRCw,36.347539,127.399806,,,
_2UmHcBD9XUrjDfOozdg27Q,36.324402,127.400699,,,
_RqAnhtK73VqkEnvVCyXqWQ,36.328302,127.385307,,,
_7KYQAqFOgii8fZuF_4sVPg,36.342269,127.397687,,,
_5WaSL6KbCGF-zspYZtGD3g,36.331073,127.38803,,,
_2I_d4G2e1QcGQmo7e2wDkg,36.333852,127.380913,,,
_gbnC9fxtAsD8vVQoweHgDg,36.349941,127.377734,,,
_6-yBkbVe6XYt2XyIFAujkw,36.334726,127.387246,,,
_3gltWgVz8HnRnWwtTmnPAg,36.352801,127.371707,,,
_FMQK5C8b8TyIR-q6ngRJsw,36.341453,127.377806,,,
_V_HgB4XZtGoOBAsfxVGuVw,36.338554,127.396699,,,
_y7iEfpp1gaiRRUJNHRyGqw,36.328433,127.38185,,,
_ogYdI0FVRZDj4dztenwvDA,36.334985,127.376061,,,
_2Qu4g4jiAU9t3CIjIkhohg,36.351324,127.405819,,,
_yqbnNpUMGMxGdwFKRpcoPA,36.336974,127.383336,,,
_Cgu-2xSgJnmjZ7iIwgZGZg,36.359791,127.390949,,,
_ZAimrzWnOOq_7xO66VF22w,36.340163,127.367731,,,
_-qkGABgFuVJAsOfmGucsug,36.346283,127.373524,,,
_yzx5N_lXmLtsoEa_k7cjSg,36.347278,127.400606,,,
_aS8D7lPSPEA8L9L1VO5Z_A,36.36021,127.352327,,,
_waZ7jopGm4wscjwhC0O2dg,36.33918,127.407891,,,
_26GWaQnBgXoOoyhZ5PN0zw,36.344749,127.368461,,,
_jPB52nJkyhxLqrPeDw3EeA,36.325809,127.3739,,,
_FCBJtu3Kaw0A85cKprIAKA,36.359994,127.408288,,,
_S5Wb3r8JBX4OEoHdmT97-w,36.322926,127.38705,,,
_p_OOnBm9zXl3AsmIFtQBDA,36.329589,127.390415,,,
_Y7CSsXTbMmA3WQVmt3FVLw,36.364742,127.38926,,,
_8Uog9KjSrgXj39oO60Jr5w,36.32174,127.398488,,,
_b9euGKP7-XUeilBkO7qAJQ,36.328824,127.388156,,,
_9dGYT1IGdZDvhGCQiCX_VA,36.349553,127.374204,,,
_QmPG3lklUvAPwiEjJI1YQA,36.331426,127.401796,,,
_rtpwA2LGKgH6odTiz0mzyg,36.365439,127.373862,,,
_mR1Di8O2j_G3Pjxh9uzgUA,36.359076,127.351816,,,
_Vydnt7Ri0LS3TMxM_rDeTw,36.365982,127.376659,,,
_xzMdYK9gsaKfFIELaj4LsQ,36.351697,127.354121,,,
_mNYONVoFk6KVhW_Cv-RLhQ,36.343148,127.38387,,,
_vJIQdO03CnlVovH0BTNHNQ,36.347107,127.401058,,,
_yJPpS0SPKPfaHJYNTnPKaw,36.359843,127.349552,,,
_4_1GEPT47NkGYcgD6XB20g,36.345615,127.404524,,,
_sYWQj__KruY8qyn1XvJPpQ,36.340583,127.37511,,,
_rySnemkmoQqL-ZbM4aFmrw,36.364718,127.398725,,,
_TrFvu_Rqvo60PPqfR0WKDA,36.351812,127.389828,,,
_K1kN5GDoo6ts_S3CYSNC5Q,36.359721,127.381421,,,
_iFTqNWmG7luiC5Md1QQk2A,36.331352,127.396121,,,
_-924OcBr8v37rhdE85ln3A,36.361944,127.374375,,,
_Pd-qcclrVI8YUioHSJE9Bw,36.362429,127.348349,,,
_AX4vae5iDRNjie4Ghslkng,36.334192,127.399107,,,
_gjOtah-fhsUeKQ_KYvpSmQ,36.326089,127.400053,,,
_sRzUrzaeU5wl-D8NlvAsmQ,36.343913,127.394292,,,
_Fbqrdmhb2xOm6sbCPXZMVg,36.320978,127.371567,,,
_jCrSKQAqM9dCR6P_0ChpIw,36.327437,127.389671,,,
_ZykLxalTKNJJ-ImR7dNZfw,36.331403,127.367163,,,
_bxqPjxIAyokme7E3Tca5FA,36.33725,127.391977,,,
_pAJEIPf41o5VtbWlzKaWRw,36.325736,127.403491,,,
_mlkubQ8YASBtHE2-zTE2Ng,36.338453,127.393025,,,
_5EKzu8nsNYXsvBOvBscsMA,36.360958,127.362572,,,
_A86tJmxMsPGUXxfAP3MyMw,36.340268,127.373521,,,
_3Ldgg2I3EbLNSixbBBnvAw,36.352097,127.376618,,,
_oL8L3McjNmqObIEwW6wAeA,36.340292,127.396968,,,
_zitn43vPNze2TJWToWb3BQ,36.331371,127.374774,,,
_zecLS7-pPbjGtn4uYr8M_Q,36.348513,127.372511,,,
_U3JEAhZj1elC39hQxWXYhQ,36.356778,127.362036,,,
_UmHxQp3MpFFbBe8vzURDJw,36.342692,127.409157,,,
_1VFecM00-28lTa6YPreqqA,36.357312,127.353613,,,
_f0vHcudMsX3504fNuzMDlw,36.357309,127.370308,,,
_jpBMeAqBRTxBZQJFP7UmNA,36.321929,127.409276,,,
_6ewNaOp6k5JClpa0Er-_wA,36.341408,127.375629,,,
_-l7h16sR1bnMOjRR2eUltw,36.350434,127.372895,,,
_ZCWfaW9RY1Cof1cidCe26Q,36.361437,127.358084,,,
_V45OniDySCfh3lKl8nJshw,36.332067,127.375476,,,
_zwkqDByLXAGu4az8TOXzlA,36.357712,127.40111,,,
_wFmuRQlyyKiDFeQIHGAGfw,36.338345,127.395077,,,
_F-T6EctihAY9r7AqUWar5w,36.339768,127.378542,,,
_tsKpParQz7NRe3heH3-6fw,36.331037,127.373475,,,
_AbuAyFgAYwXTgrvV092STw,36.358747,127.389932,,,
_lRSPfynQ6gO2pljHrgA6wg,36.342669,127.400406,,,
_um6a95M_tOBP7lbiLmJ5Hw,36.34324,127.389577,,,
_0haxtKicnAqKZ7fcReJF-Q,36.337622,127.383172,,,
_-FJ8M84ymyRdSMn58L2XiQ,36.348588,127.387727,,,
_fheTuxAyn_Kxkvly3GIl4g,36.32203,127.393327,,,
_bNYvChGhEnNCsnFGtiN6lQ,36.359283,127.356234,,,
_26mFmCVe3sOdCMIN-ejFfA,36.350781,127.38974,,,
_R5Tx2Mc4thNrv4p5L7062w,36.356157,127.405313,,,
_PxF4yEJReXZaHnefz-xMPw,36.342457,127.382508,,,
_FYw9zLDesISrOo8dt6coew,36.333339,127.402097,,,
_ZEkSzQSRBpjIVif6X_Lr6g,36.350428,127.397028,,,
_56GUZeKIWQiPdq0plc1lCA,36.349664,127.374573,,,
_BCDYTH_19eRwYsI3rsAs-A,36.323713,127.379099,,,
_99uiSYKhjlgzmJdKWmLcdw,36.353357,127.369944,,,
_lrHGrSxlpq5zigLHGD-XRQ,36.348286,127.397032,,,
_Hl1La-8osmAjVzLGCePfog,36.320657,127.373068,,,
_5-kh2Sle_4GTOV0WwWz4FQ,36.338628,127.40783,,,
_oTaQJLWqOVLxKTJg6rFtLw,36.359711,127.399242,,,
_IYEkpRmhomawX92fX5pfGQ,36.325142,127.384557,,,
_CbxQbyWSPO5uBw1zqBdpWQ,36.344854,127.39016,,,
_2BJNZsfuNRrdvMNnIWlhzw,36.349796,127.40959,,,
_5L4Htr4x9hSVVPRhg_qicw,36.346903,127.401492,,,
_Z4c2tPXSR0cMJjSx55gxiA,36.345268,127.387443,,,
_up9w_ukmmCp1bItIa0hpwg,36.352654,127.346986,,,
_zxJv8HYUCl3CXcD7MJnd4A,36.330858,127.385187,,,
_v3Q2p0pPBGhztfXMtl3h3g,36.363635,127.357183,,,
_24dZLj6jrc5SxgRuztFV9A,36.33152,127.397482,,,
_P7x-VXlBm3Qs54cTw-h24g,36.350461,127.378634,,,
_CL-vY9OpNAi5IUOrf7wyOA,36.337574,127.349471,,,
_n1cAGjjJMZcbZ4IJIn3jtQ,36.34433,127.395682,,,
_igG1eRzVfjCncAWbNLbaZQ,36.357478,127.379356,,,
_6aCX0d3ZFr-AxQtLjDgJFA,36.34463,127.382021,,,
_EPp3DxR8g1St8RaAZc93-Q,36.321179,127.375043,,,
_gCW1q54VOOotwFWazwr5Ow,36.345626,127.395692,,,
_Q0ZVtCmwSl_nWCgbJ-bfEQ,36.359366,127.390213,,,
_-zzn0dknIYejFBStNwXM-A,36.362065,127.347528,,,
_jrLjnPbBrQ66QsFox1vkRA,36.339543,127.378292,,,
_qSMOPFn4c-01QotDaWZI_w,36.358424,127.409739,,,
_sKbCZ4gvyKx_XsX3nAIwNg,36.345524,127.400706,,,
_W-1AOjUFcw2mxLgmPv3ZBw,36.363296,127.3943,,,
_1Afp-tOtn-67gW8GDTwxfQ,36.358252,127.359638,,,
_zQXJzCbiBd9YFqJDPgr5cg,36.348911,127.375483,,,
_7h7F36WbCauUEjoM4j2Ukg,36.35237,127.348388,,,
_12L6SVx9TzVxBhQLfS90Dw,36.34303,127.378833,,,
_tmheSVG3qLLz2aslF0MrFA,36.33696,127.390644,,,
_4WiA2m6iXAFsdNvF36LNXw,36.339756,127.376512,,,
_pCnVqhqxraX3cgglgQbBhw,36.343562,127.385942,,,
_DHyWb5rWEkeyacBkGHkNEw,36.339311,127.388306,,,
_DAP0MKuYOpVyLZ9-6tbanQ,36.324274,127.382895,,,
__AndKRLuONutN7lB5UvBrw,36.342291,127.372794,,,
_ailjOVT3m8Q0wtbGhzyZMw,36.331791,127.383967,,,
_Z7VAmGNJdAQVHGIXJPeJPg,36.341146,127.385611,,,
_DuaD0guk4vk6pHHTOkU6Wg,36.356939,127.36208,,,
_fSFDxsAkuNbCBYZgb7tGvA,36.352905,127.401708,,,
_MPAIp34JXJgGzc_ijbEWKQ,36.335036,127.407765,,,
_GjmvoaAqwTOXe1vzMZp7sw,36.330296,127.387238,,,
_lTVGFZ72JM9zp4DyRfBMNw,36.350758,127.397331,,,
_l4hiJVu5mBqJRszp2aAbJg,36.348154,127.374048,,,
_sS-BG4r8rF8MQnx4X76nVA,36.341094,127.399908,,,
_GrG3OgC9D2ThdX_7uA-UrQ,36.363264,127.35652,,,
_Jl3JqHohCXOLDY7tF8h0Qw,36.334179,127.348843,,,
_E-9qXTvNDRDZnzAQWXr18w,36.331374,127.369598,,,
_GmGmqDIomze_kbCjVBIVDA,36.338513,127.347551,,,
_o6OgX9JiC2PiScZ760Ejxw,36.349063,127.386017,,,
_974GJed9alMOJ2-C7vLivQ,36.323735,127.348061,,,
_VNLKAZmwVXRHBeif7AHdHg,36.33367,127.374598,,,
_SgPgwEVDew38Am185X-O0w,36.325806,127.398468,,,
_rw3Bf35zvQ5_mFDtUacANA,36.328932,127.378353,,,
_GGyabg1Le-TzzYOUkrSddQ,36.331102,127.373653,,,
_5tXlF_vGt9WmZcaI0L_ahQ,36.354242,127.36468,,,
_S2UwSwsNLTwKKqWicN3t_A,36.32093,127.375719,,,
_J5P9zRFDuyQXI1hVOezKTg,36.34483,127.390945,,,
_NVXgXRIFOzh2Lca0IPiYpw,36.335403,127.380656,,,
_uBAihuEB4sQ5U7oKBhLM8A,36.348957,127.396189,,,
_xhgKfPcDt8nyiaZBqTFj8w,36.360502,127.353316,,,
_Cn6vOHn4Vg0Q2Tdd7if-Jw,36.328532,127.400712,,,
_TWmBHj3m2awaqW9sg_9MwA,36.339439,127.378036,,,
_bym1OuT7eknfM6k6kDpASQ,36.330264,127.372053,,,
_EqaEFEcqPPMoC5Lb-CNCOA,36.327753,127.371594,,,
_5k6MRwf8UXxpjoMIF-raWA,36.326708,127.399798,,,
_Ut8ZySIpOVZSn32lQLf-yA,36.347619,127.395431,,,
_DRixBe9zUgWZVvC8Uwr71Q,36.324312,127.380413,,,
_lk5wL_krVQEHHP63rQBqxw,36.325542,127.408714,,,
_0bOvLZaog5aLiPvyVB3zCg,36.35179,127.379775,,,
_0VE9FqaRHX-GsM8xWC3IJw,36.35315,127.406017,,,
_L4N9UR9LCUWnZRSjqTGoeQ,36.321411,127.36786,,,
_fJ9KpOxGCrdI8KhAIfaG6A,36.359887,127.407499,,,
_s7FB9a-DbcJay-32DrJCcg,36.362259,127.371638,,,
_Eiy0PKoJjE_magoVbYzjqw,36.32889,127.378113,,,
_9h7Zy86p-IhGivWxrRgdLQ,36.350847,127.378875,,,
_2RfjytLMcmBrfJWHe6T8Mw,36.322598,127.379144,,,
_VCMrVp5zCa9nCG_8f3sHrQ,36.345021,127.404585,,,
_J-5aPbwpyfwrcGgoc9kUYw,36.331563,127.389445,,,
_ojvqVNcK-B_dIcKct13kuQ,36.327809,127.402666,,,
_5irm9ujz4jlMmFgaqfJs2g,36.335209,127.396896,,,
_iO1XmEmE_bEn5Qe8wTzt2A,36.356574,127.382937,,,
_4HYDwmFdgq8U85ZFvW2X2g,36.340242,127.395687,,,
_YeXWup3xKRjC1_J-OPkRqQ,36.329954,127.377596,,,
_EjUExqSc9YRyoqiMGE3IIw,36.347186,127.373479,,,
_i4K4HYTzd-hKGBOKxxvq3g,36.340236,127.395303,,,
_0T6p3kueoNPQJJUjvLm6eg,36.345318,127.347266,,,
_cU6XaR1ZOikfh2MdwZgk8A,36.342959,127.400076,,,
_Q9so22II3m1tjiyIOrBXPw,36.326845,127.409016,,,
_ze6X9_bKQVFQILqdWqDXjg,36.335416,127.371185,,,
_O4vAjFLLX0GYSHFXYW-B5A,36.364874,127.384219,,,
_fD-o7NkieTXdABXbhTw4Og,36.336259,127.393441,,,
_tBpgmzvk5hDPPtjheKlj-Q,36.352735,127.355059,,,
_i3dra00SnLb6bCk4XGGg9Q,36.345581,127.384583,,,
_ho3akPXiOyZ4puzyOYKlJg,36.329697,127.379196,,,
_2K1tHHN62jeFIBJ31RCLjA,36.334459,127.369936,,,
_AxE1g6WKlvRxBpjZyOJ5Mw,36.349627,127.386682,,,
_w9b3det_-9cF1eZzN_pr4w,36.363957,127.399207,,,
_Vr43OCOycRWKIUh-Ssb0PA,36.321102,127.377091,,,
_lYJ3iu0fmyFBrFvPF8IG9g,36.338472,127.347408,,,
_zfkf315BqzH4s_rgnC8TUw,36.335401,127.376336,,,
_l6GCaV1d4AKSnXTJJNCuIQ,36.357147,127.362038,,,
_Lm04Xllv8bLW3fNTAbp2lg,36.340206,127.39113,,,
_UDiiCUlst9HHOAOb8JhBzA,36.328408,127.407842,,,
_klsVMXPtS1-2nLXjGAJqow,36.330191,127.400462,,,
_nNTKQDAwVX67K6aFs3S6OA,36.328368,127.407874,,,
_xGmGocQJ8Ldvx5Q_nLg6sg,36.348967,127.392245,,,
__KhVnZjwjkfiWEMnhGWONg,36.346285,127.347508,,,
_o3Kyp0cRUIoujC9j8JmL8w,36.349422,127.347901,,,
_2i7lphDzgMEn-jBBrjlMxQ,36.348323,127.401844,,,
_Irvk-FFZQGk2_Pcf0txUrg,36.323942,127.388814,,,
_IzUmTz8bpI-GuI3giT2v4Q,36.341924,127.388654,,,
_3uB6f3bsI5WzgmMilIBpbA,36.353315,127.408281,,,
_cHGo9SugavR9zd_bMzZyWQ,36.352935,127.39024,,,
_zoOCqybsno-weueBnrpGcw,36.335263,127.39262,,,
_FvPflSuxC_4ge3Nbdp5i3A,36.333008,127.38645,,,
_BrER97v32GC-ifhNkQrRcg,36.327669,127.3818,,,
_z2bDTIFcNc_5VwJ27L-mvg,36.344947,127.390162,,,
_yaqZP5isCPXua3mC67uvwA,36.352314,127.405118,,,
_n3uMiAymJioeeqUOOPwFyQ,36.329608,127.390482,,,
_qnWRuPBFoICw5ut3vVNYgg,36.323499,127.380101,,,
_RIYzBX7VJjDMlQ20NtkrMQ,36.331148,127.367307,,,
_J20LXWE3ZF6Yoqq19POCRg,36.354544,127.36003,,,
_GgrWQjQblKDcbVyuR9PuVw,36.320247,127.394734,,,
_YxSr7lDWDKJmNY_KnZX5PQ,36.352257,127.407567,,,
_siAjTL5X1b5ZuDf6iUDyKg,36.352355,127.373472,,,
_HTEVeDo6nyGRr2KZOTg9nw,36.339288,127.400666,,,
_YUES0eMPTtqZgD-e6_wtmw,36.358965,127.409701,,,
_rmkVSBk5MvxbGatEYcKBMA,36.351283,127.39958,,,
_mIOiMxrn56_WCknDZe-Nvg,36.348508,127.400704,,,
_5XWy1a2p9__BvMYLUb-3Yw,36.350324,127.387704,,,
_dYnx7Yxq_1SVrlXB5YoOXw,36.328796,127.395169,,,
_wmE0JaBEUjLeSgiO8av3eA,36.32125,127.405663,,,
_3IzsDVnZF4UumJIkKJ0siw,36.334378,127.389361,,,
_TFS_KOQ1n-GyEYtfb2u8YQ,36.325282,127.372397,,,
_iRIMVEA6bfQfx5Vhz_zt1A,36.337256,127.377403,,,
_JMSmQx14nsJs9HWZdWKf5g,36.339175,127.366078,,,
_UCZvXVg_STyNvXJPzYY7RQ,36.342387,127.395756,,,
_scUeUUq-S_FPlOurpmyUjA,36.326146,127.409844,,,
_1s_BKepGnTIrm3temOfYMg,36.336666,127.37799,,,
_Nr4cU9ahH4-LJACeFw4fZQ,36.357862,127.368217,,,
_TRfRlxDOGqtq1il619Q-Dw,36.35579,127.383892,,,
_WHX3IP2ez0v3HUNecVQKfg,36.357341,127.407715,,,
_cn5cK8vL5pgrahEfd42OXg,36.357721,127.395128,,,
_8TRmcdVt9z3guEFzr6jTzg,36.338691,127.385539,,,
_8HXtacXOEkLIHHE-nZHZBA,36.35363,127.40813,,,
_3hHFATKxAZi6E_RlHPrAWw,36.331951,127.40354,,,
_EbrZ_RbI_EWgc2gNFj-wIA,36.348415,127.368273,,,
_Kx8oRqEAVQ2PQZiO3UclbA,36.353078,127.388669,,,
_CzQ4-2bemdfGxW6BxCM4cA,36.344775,127.376179,,,
_Qc_-q5YCHL707xvO3AkW1g,36.354618,127.369151,,,
_JW1KvOZU-JaJ063MqUVwaw,36.334764,127.371265,,,
_10SxhbYMql0J7ZtpkYx-fQ,36.333263,127.376624,,,
_7uK1_Ldn-GICXx3VaMN1Tg,36.347144,127.347758,,,
_xVFgy0_-UMx6JnPX3pJ-vQ,36.349454,127.386681,,,
_WOU77VpTcft1H1ndE0O8xQ,36.342578,127.386508,,,
_jgGC5WeH5k36c1t7nNK31Q,36.322339,127.405838,,,
_e9ptpXVVEZXFJXymB5XMzA,36.339318,127.373558,,,
_FUSsq7ar9YTY7Plvf4GHvQ,36.344936,127.367658,,,
_ZBaCY_-_33Mx301XfOvelg,36.350589,127.380591,,,
_YwZiZQt-eD2b3XNMduEgug,36.344269,127.346996,,,
_f3xriSZTHZmJgSteqBzg1Q,36.344186,127.385246,,,
__ew28rfe8vyVsAb8HG4hFA,36.342727,127.371683,,,
_vwMVZ5A8T0GE-bpKrGGTVA,36.321316,127.393074,,,
_oeph23Nqx5ab8FcbbnRTYg,36.323699,127.372524,,,
_YnhAYjDZD-urBoijKpYnCQ,36.342225,127.372542,,,
_Gl1wqvqYW520XONntEASEA,36.362672,127.356342,,,
_T79khxzcXp9IVJUIBo-cqg,36.346668,127.392065,,,
_rtFqTMWq4vYEsURSzIQxQw,36.355799,127.401472,,,
_N52788qJbO-FRfWFDPOLIQ,36.350654,127.399781,,,
_Ph-TwxkpkXy_4_rUyvNvew,36.34618,127.383673,,,
_TV_VWfBUY0Laq9phTYK8Xg,36.338918,127.380752,,,
_XNm3sdqHdjzR8Cs9yGj7kQ,36.341157,127.395294,,,
_5n19B4t2vLx8PWWKHqa01A,36.339212,127.37788,,,
_Uvo6nUhUj5swWO5WisI56A,36.356201,127.362639,,,
_jCKcH3RQWOxeB58luabO8g,36.33189,127.404305,,,
_Z3jsUSFsicazCQl9cnLkLg,36.357514,127.351697,,,
_MTFuWLOnz8jUgnGQBiA7KQ,36.361073,127.355258,,,
__C6KsMTMycpy8jjvqJ5z0g,36.332516,127.366539,,,
_Arng2Xt8RDDV-Ul31xld6Q,36.336831,127.378158,,,
_3rl4gICyMNwmKfRMy6MKiA,36.360428,127.40669,,,
_gpjfmGHXwC6iaaroMK01xA,36.354405,127.370076,,,
_cww2BKuPBeu0Jwhgl4FCpA,36.341501,127.392898,,,
_poVugbbFazcv5ZUyFCBNYw,36.36581,127.371879,,,
_7XYfjVvG5EbU1mBDdCqmog,36.322707,127.373727,,,
_jM8-tE5sHzJtckAhMomI3A,36.352729,127.36964,,,
_CjFUzQuGY8k1XdBd_M9imw,36.329217,127.3947,,,
_UtYQaYcAm9kfj2q-aFH3dA,36.348698,127.367855,,,
_RfoHDNZKd64n7dFx-8owaQ,36.347215,127.374284,,,
_wzyOhirhjVDyiFk-LHN2Fw,36.331429,127.403891,,,
__cqI4ptM9K1lYLnAE0_16A,36.324447,127.410056,,,
_n9GXseSgKsh7iqlYLMfKlg,36.323833,127.385888,,,
_h5FUaT1p5NQb-wAHiw8tPA,36.330311,127.409387,,,
_fzlL-UOwzzTX_VII1neLNw,36.335504,127.390138,,,
_NgAIefNqBIgZisgnj8ZXgA,36.333638,127.40165,,,
_G3cQT57Yo05am2mlc2_X0w,36.348572,127.376073,,,
_PwucA3mO65IA57PDA6Psvg,36.363248,127.409415,,,
__rldBVD9EkFDRVjIK9YK1g,36.327728,127.40626,,,
_B8uu6UnPaWDpX8JDmWQImw,36.36594,127.406164,,,
_Db73BJqQH-pilunYQ6xbzQ,36.354168,127.356725,,,
_9egOlsqIfCydsgkA1Cf4DQ,36.330475,127.402687,,,
_7djux9M2B2c4dNxQ-1KsoQ,36.354427,127.354812,,,
_CwyyW2E1g0BVBMSrPz_9rA,36.337258,127.398144,,,
_QNdIL62z4z4bmk2lZRragQ,36.32128,127.408753,,,
_tt9-Czg4-oFgPmaPke-WAg,36.349986,127.374626,,,
_34PiJTG1wCSoHtZqdAqugQ,36.327749,127.391644,,,
_0fCOeWRNCFAYdVXqWUb9zA,36.355476,127.369587,,,
_1Qo9ph2XY4xJY22diG1gzg,36.340147,127.37702,,,
_jvBZASgygiDQ7qOC0Pph8Q,36.346765,127.388431,,,
_8HGq5IjmnY6RFUGpeYG6-A,36.355882,127.350647,,,
_faBCMmQYDsVzVp1eZQVxYA,36.32935,127.394279,,,
_rC6cwTFrpoJ_9xWYVAh1EA,36.326327,127.393318,,,
_ZrWYWcQHkOgUVIM0EFQc-w,36.339945,127.397656,,,
_f2H1iDiWL0XvwMOp1ftQ4Q,36.338557,127.394709,,,
_7gB0kz6VvZaEuYIj89_4kg,36.346251,127.369161,,,
_rjn-OC5RuVAiw9cEEOGTSA,36.320693,127.371855,,,
_5qU4WE_7oGVch2ENUJC0bQ,36.350306,127.398579,,,
_NZ1mFVmnE2nIFHlIZW8QLg,36.355043,127.357971,,,
_R5vG_XYSQQl3L3uAKSFG2g,36.347164,127.389463,,,
_TG4oeJsZ6AQHLqTicsoExQ,36.349467,127.407797,,,
_KIWvRFD6wqqbOtPBPyOvUA,36.348685,127.375908,,,
_jSV3j37wvSBiPdNR_KsE_A,36.349477,127.395311,,,
_yiTnHb5buHWF0XK03pOZ9w,36.334878,127.402074,,,
_yvQkRqCG-6tPfTJEEupMEg,36.337853,127.389542,,,
_abzMe6j5rHfkmiaB8UCO9w,36.320619,127.370457,,,
_2X-HA51UHiSI6XbSv51-aQ,36.346772,127.373632,,,
_U0IfIMOqDmHNtiDdD-HOCg,36.335878,127.349466,,,
_QKL8zdGL8DMvvJcZc8fkDw,36.335557,127.393122,,,
_Ta1qezoByihM-IQrtVt-xQ,36.344988,127.368613,,,
_S5-Sv8BFkAZQduLKHGz5dA,36.349621,127.39702,,,
_Ts9x-WRTfOklWUgFy4sXcQ,36.339201,127.405727,,,
_TnZdssSrp2uR5J_sqT0lag,36.328308,127.385524,,,
_DxjbLjX0tnHQGQLQJt6b8A,36.321199,127.374401,,,
_M80tWZOf6FlCaXsdLHBPBA,36.339242,127.388973,,,
_4UXb53rmTkpdEZT5vlwNcg,36.344743,127.373829,,,
_X1HA3CmjaljwyPEANpssPg,36.321546,127.377815,,,
_MCNgHQOVfJDbzprYtnxrvg,36.365945,127.376658,,,
_IqkLHRd9gGRYH2cH2ruLxA,36.326712,127.393517,,,
_kZ7DV6pqMMSDwoPZ2g6mHQ,36.353318,127.401798,,,
_NNAG20imZQmr4IBcqO5jhw,36.363375,127.350164,,,
_cDc_cUeUCBsRWhCIpt9OYg,36.34517,127.392399,,,
_eHRG7uFsJoLixV2Ccv9Juw,36.364738,127.37669,,,
_R3V4qM1cqsKzYa8TKC2exQ,36.348495,127.382004,,,
_btRd-uSlETRbMdkFlKuV9A,36.360604,127.353996,,,
_LKEJL59AlDfpRWLIixlC4A,36.342167,127.407044,,,
_NaBgL5FiXh60sP8DYNvuaA,36.350694,127.372305,,,
_MNHBn9a1SO0_ILhQVwo-XQ,36.360697,127.356912,,,
_h7Hp_pK36Mha-Tk1aw256Q,36.345351,127.400655,,,
_Dn0c-zjK1RZYVg_8PafcGA,36.334577,127.374509,,,
_UQVMSMvUojL_FNG0OypkZA,36.327331,127.402906,,,
_EMfCZQ_WI6x2Ria19ubUbA,36.320853,127.347908,,,
_mQqkMuGdojp3_ZCxKLC-uQ,36.347783,127.395172,,,
_MG4ReOvHdQukSlxv_YAeOg,36.346236,127.400319,,,
_hmjZ4DpDsIzoc6l93_R81A,36.352568,127.354837,,,
_pyI6ofuOkXL-2lsULptBTA,36.337756,127.376908,,,
_GI1Rh3oBIvMX6U2Gl0gLeQ,36.352859,127.377504,,,
_lfCNJ8UI1QyDI3TCTYiz3w,36.333839,127.378341,,,
_hs2cYHhYBa9mXd5NCDtkLQ,36.33905,127.384938,,,
_Q8IcALP4eveG1xcVMA_qAg,36.352575,127.35354,,,
_XnRgwDEnsBLH7hPq0PLVZA,36.35388,127.408452,,,
_05TSeG3NlQtVkVvQcrHQ5g,36.326051,127.395669,,,
_WEbUmpX2gCfzpScpHGF3Tw,36.332899,127.391307,,,
_gZK9qXLQnRMSDKn9Q1QeEg,36.337349,127.397502,,,
_To6qadJ27oiYSpww1c6RcA,36.331001,127.39649,,,
_gyqCaqmk1Y-N8inCpLZJ1A,36.325315,127.373889,,,
_wzJ_kfJ82eVrtZPrO6uc9Q,36.320924,127.347139,,,
_Xdgdys6tffCvccoPNJizyQ,36.359805,127.353456,,,
_19R72vPr0rKvmiPr-ZpqaQ,36.352082,127.407786,,,
_FIKraSykzwMy7YBiODV46g,36.353183,127.371467,,,
_hEAD1BLaH7NUv0Chesrcnw,36.342914,127.387262,,,
_LU_264SGAAKdNVQnKi-aww,36.322333,127.381975,,,
_NvmeVwekcuNbRwfSGmnNWA,36.333308,127.40266,,,
_EG7qIQA75okpKXjG0GecHQ,36.335017,127.370987,,,
_c3OuUa50HbWXTL0hVu5FFA,36.335019,127.387469,,,
_tC9r8SW38t9EEGy2nRJfSQ,36.34695,127.364258,,,
_75PfJwPUNmP5SGlJHaIumg,36.340173,127.366323,,,
_LLRnFl-9TSVgcrQ8mYK95w,36.334538,127.40302,,,
_D2D_D4TEn88mQ8Y397FU4A,36.328904,127.392762,,,
_-MiV1dzd__E5kUg_Ppp2xw,36.351919,127.364725,,,
_aXS-lmsKQBvFQVdKobr97w,36.345285,127.372342,,,
_qF94C49ZHEPJnf_ejxsAjw,36.324974,127.37482,,,
_D-q9V9TRk8RJNdv3Emwy1g,36.332843,127.386306,,,
_U1it0Ma6JArBAMGIp5ODZw,36.332109,127.403041,,,
_5RpaiGLq9FQTCDN_V3vjDA,36.353498,127.358576,,,
_0-lngYD-WXAAu31DhcsvnA,36.333408,127.377858,,,
_96dIF4dCcALiK4qTZc1Nag,36.344201,127.385931,,,
_mV9Jtpe8tIalIjhYv2kAlg,36.342132,127.37432,,,
_qBLn18LXsh7d1huwMYCf4g,36.338301,127.400114,,,
_QQlAkZDsuWJZji1pd_Bl6Q,36.354858,127.349148,,,
_ERw_yVRaZlEPLIeDIQ-hBA,36.330275,127.39562,,,
_NPTmTzGvgUWufL9DiYsJfQ,36.355672,127.379426,,,
__h5QMAsdCjt3IR_8uG3uRg,36.348437,127.347474,,,
_0gdPUw_E9d0TzSILVf-ntQ,36.351404,127.347494,,,
_9qWBvukGAWeYPc9gFkX9Lw,36.333118,127.368132,,,
_kRxY9jOwKDcUMPLlF7AWmQ,36.330611,127.378066,,,
_QEO_cjZwtz3pBYcK3Vb8kg,36.349883,127.38678,,,
_vLUkNsNuf8Yan3mmxi7Nsg,36.35286,127.355805,,,
_KwkBy6QMOF1E8iK3mvkKWQ,36.33124,127.387834,,,
_fDLkWFi8w0EiYxybgXmcww,36.359292,127.356167,,,
_VvUyT-tehEgqPvJPU45O3w,36.34857,127.372836,,,
_RcAPzXXsceU0EWvFGn5xww,36.346587,127.367447,,,
_Clj7_zifxClXQHSc7mLrSA,36.353271,127.353887,,,
_l5rqRzIlGogv5xlahNBWAQ,36.347591,127.404403,,,
_KysCq-6C5tasuum95s--Eg,36.328893,127.385945,,,
_jawo2RGz1PGf6OdqhIfxQw,36.342443,127.390495,,,
_gLvVREQRU5gv2GclqW3ZGQ,36.361085,127.353572,,,
_p0YfOnJWhaxZB9d3ErD1oQ,36.330431,127.36966,,,
_8boMl775asvl5HmuIuv4sg,36.359821,127.370277,,,
_OHjIPY0QOMzX59ayyVLbvg,36.326492,127.386733,,,
_lKKj2usnqLeDkWV-aFSkgg,36.334577,127.402991,,,
_lDPD88IPemhtyuRc7qFYrg,36.352355,127.379269,,,
_uiONSv0n56d6EjtMdkg7qw,36.324777,127.40388,,,
_YnJdi5iSSXpVNQWFi3d8Qw,36.365513,127.376662,,,
_ZaTCUMvm6cJB-yEsAhYEpA,36.343586,127.380736,,,
_oIXRAFBlz7m802gG--Uk6A,36.355508,127.405391,,,
_0tMUX3iFoeW5qV3y-GR9iQ,36.328254,127.37788,,,
_9WqzexFPSjRX5oKVuTv7tA,36.344619,127.393083,,,
_cQhv2Y_HqHBBDBXjQH_XQQ,36.354307,127.366447,,,
_ck8FprIqKtZdYY4Zba5quw,36.341712,127.366685,,,
_Imia-9goXlGoW_3fRv9zDw,36.336365,127.408835,,,
_JYGHPJPlW1hAytb3WzK84A,36.348036,127.400992,,,
_usW97KPSaunb6IOvmFlv1A,36.347132,127.400716,,,
_3tnI_TL-54z_PE3i2HAk_A,36.324357,127.34722,,,
_bE7wDuhRwzM89o8e86MXRw,36.347669,127.401789,,,
_sfsHhvNUY5nDtPSJU4kmEw,36.337747,127.379273,,,
_vuUAB2ROwGv8qyy7iDXg6g,36.361579,127.347821,,,
_mK5KwAbefwEVP7UPxncwWA,36.365005,127.403583,,,
_AeM5Minc9KDdRN5Yx6V3-Q,36.354221,127.364284,,,
