_ditaa2frLd7Mhet36iK5QQ,_g20ksgjt26B7JKeEtxoKVg,_QPi3x54jAN2F71Y0TkomFA,_wyBfTLp45QLfZeV9E-cjtA
_hQVRf9Uwci0MRoa25AS6HA
_9HpVIoxmoESmTHQdaFTIeg
_OdehwICjw3a4uwrZztWbDQ,_Tsj2LkAg1vi8eIVhcNXHhQ,_kQ7b7xsMQp5Chcr_7KJ7kw,_Uysvnw3THGCxxSx0W4G_sw
_MFfzaXGMj5pE7eG9cdek0g,_f0l48qs3oMTJNIB3tGag3g
_oDqBAYTdiiBxvdsv9BBP-A
_rKEL8G1cYm88c2U693vPKw,_eWHCUjw8utTsOUOxGfbF2Q
_JL9T0tUa4whO7f3rrE82cg,_uJuYxifTGMDaCWKPw12DsQ
_cl9vleUZTN4rgHGGaFrsIg,_Zz9zKhd5LutAGNN5luG6wQ,_XP72wzwpH--BOMfU1Tr-mg,_Z0mYrvJ9BFI8T3oInW3WaQ
_bM0RE1aUz_UC3zP-_PuTVA,_Rx25zAljwx3ist7en9uhFg,_N4wu9IES4JYcLYq9-4uWSw
_ArB_SH-RMiWTNMoYPC8Yjw,_bxsPDC2zQdJfqGYaqFBleg,_Jyra2BpufxbZLwechsnDwQ,_cs1nQp0osygJBhTWLtRqhw
_4lyYW5jUGkvg26YnzG3aIA,_UYIM40Rp2LptWFGMJjq5Zg,_w_jGfY_MAFoK3dJypGM-EA
_70pVBTbHCSUcccX0H3ikng,_SY-h3LmRCLHn4sCxMO8wrw,_Rg2QOnIqJRArb-oqW_XlJQ
_GkXOqmZOyQb2BOJCi6j8jg
_b95TiGQxwzUw9KmxVY0jGA,_wg2XJQTDMgTxYHc69em1YA,_GnBxMNrnH9aSCWOQqiSP6A
_gqi5Hv2cfj6901odJt5eoQ,_-gfem1CTukDzG_iDXiEQEA,_DWcgIF1F-SvFO2uWStX9eg
_pLkXvA2gQw-5igJZEtGgkA,_gDzqGsKGwv3Lo6qHjCYU_g,_7iWCFLm5t_h9BKS2_r3Lcw
_o2Vhv7qz2a4LiFltnc5amg,_tfotXmaH7EW4B25lCx_iJw
_ONFWsEkIwPe2sKl2zDupLg,_yuIVfNwN0k9ByWvfCVJt0g,_687LDhb7flUqY9iDVc5LjA
_vhEURcPxcD4PZe4dDKayIw,_KclQFi9Py9WWUwSubSL8iA,_7LRjTtQ3F8_ESByJCcIloQ
_P_2Bh7x5czMN8WdptpDRVg,_7A3YA9aI719aQ9fPQ-bCZw,_uIVcPzGKs0jWBj9hTj1nXQ
_JIW2Sd4Hc0MXvJkZFvopkQ,_GOAT7mQRpl-v2F3laCvE7g
_UuwPA19-MTCtetrAbHzttA,_c2P8Dfhc1WyTOd1oQrXPtQ
_er0dg7kLwpPszz7PMMMA3Q,_ygPQMO50KQqu3dQS6q-MMA,_NTDkh31LUH1q1XcnWyJ75A,_zoHZAj1XnjYA-Cr5D1rUWg
__Poh5VORn6fK16dM1vnLtg
_ezdzqgG9hmqQa6ZxCXMuQQ,_aVhkV9Eq4UwOX7R02CfAbw
_lvyq1otLiVfqcrXH6u7S6Q,_h0DUC4e-VmlEPqYSzxinkw
_XbjSYbZSjbyu2cYpVwA88A,_Qcu_0B-CXZoxIJiFvWRkxA
_QXlvZaiYJYfcqfLoH6-Hmg,_-c30oMokx6pbOxWaCCcGQA
_hSj2zB4cXb7ASxqsfCYwlg,_3n3inTLXtjiYFxfKOTP1kQ
_9002yDae-kON_1tI-RRGlw,_V2fjtudq2FqaoJxlweYOiQ,_wQuBueHEbRjC1zP9xJNxmw
_NOJklTJ7YhitlmM5kqiQJg,_kzJe_HMcwev7gWCUlynFiw
_MTqzKjhYGiKdC10EfSPfOg,_iYgP-Oy0ZzIBPFDXrws53g
_h12A_ngXqC-2L1-j00F8Ew
_3FaNF5q906465nFSbSnt3A,_CXFa3dUhRmIt7pyb_7VAQA
_LVbHjtQFnIuzFRoeyaHu2w,_b55DulMkQH3yjiDu7e43RQ,_lUjE1Mv3QznaKYqMb-vlhA,_AHv7N5rCScekq8-n-5356w,_LGc2It2v4EtCFM2a2kCPyg,_hBJlI0VnsXWmrsZf5pJ0nA
_ZFu3zZB_S3roRPF96dsO9A,_pnnMjV7y2LI-4Hy3AhSNzw
_BxqUySqnVefvIiMRP3zxTQ,_xx26V5cUxgOhuHQ3A7dqBw
_OpJ8Zw5QzTCVT_p1CZmKSg,_JI96IZ8j49ZFvsbL-6LcaA,_lgYqrOVHv-2b3y3A0BSmOQ
_ndVJmFB3CU2QrbOCDX7vCg,_swlwMjXceYQe18Tro55pUA,_yXnXA37s-Hq12ViUVIwD2A
_mfBMQio7IdavKpmmKrWhiQ,_-bE0-xcyvgD0i5WAG3yZOQ
_NEwtlIRWAprx33ELoBETAg,_0k2SHQKLxeSCL-cpCCNwsQ
_nWPLtPcT1AQLd5kGwL5TSw
_1VuZznMLjXlbRRUGaFMPMg,_FPWqZYp0eLi8Wz6X6aty8A,_n4PIgSPOFUl0jmVz0FLS1A
_McvS5TktKFCQa1XQiRtcLg,_Ehx8TF_U5MdlfdJoQ4q1pw,_mqYV70CEUlf-podLG1HAnA
_8TQ4IaFPPV4EEyK5UfKeNw,_mvAqDeX08UBYkTR5yzKVtw
_jNk3Xsv3XCWcFIm6W6FSjg,_hQlukeG0C9J3XVolwRpAZQ,_yuinHkhAITX9sDqrTN0ogg,_s9N_jrCbyzZ3VyPxnJYKvA
_8Sgtr98_tV9LwVu8Ak91iw,_dO25oqEZssLHBo4ZGRni1g
_jK7cE0PLC_FT9jZjGBtvUg,_weXkGn9yoTkO8wFgwhIG8Q,_WMGtWMJRpZGphHUHH_jDRw
_Gvbiq24nwBjhkYR-l-H1jQ,_DroCtSYAHwIwI8eRJWe_9w,_pxn96G2bs57K6iegicRE_w
_yMrTP_8fXjmeW4EOGkULiw,_Cj-knFS6GIx_loyv-p_GOQ,_x0HbmipmUzILUdy5HqRqWA,_R3QIYKHchf1wpZ4c9zUegg,_ohfn-050LUj-AlvOvofiOg
_pDHVlzRPN-jGZifHeyhqOg,_69NDtTree9kSOoFa3nP84w
_Rf0b6ue6zrah8RjNP9JNUQ,_30aRQDxm3KLTqJgYk0DMrg
_sYRmJ1a39NA_btdZnR-P-w
_hY1KbWaIIOEHQOd0F4WnhQ,_g_LV1FrImzEvl0SwdAkoJQ,_OZq3oJT6O-54PG05Ps2dZw,_abH0k9QSVxobVLcc8D4fjg
_9uiZWxWYZZPndlAkThkO3A,_aqYFQvOR-kWOB1o6z7sL3A,_2TrHgXT1t2j9h3hXy-44wQ,_XFGnCq7pOPh4TGP4gQlhVA
_D4PhD6AFzByEMZkeF7Mnqw,_Q-yZGFLUPNEjwSBS4NA_Kg
_bAoTKpvHJWC0sE_ca8F0JA,_i8FoP07NxgGAB-Kz9cmtOA
_yqcE2b55TMgw7KqLhRGMvA,_-5nueFsKRdS-oUsuYN9AEg
_5qwoB5Oi-tCWezewzw72-A,_gjEJYIJJrwxFF2bg58t3Mg,_7Mf_uJsR-dEei0LNxvSZ8A
_kTk44AjkvMkRF18zJQubKA,_WR5jCWsyYyACro95VYEqUw,_QrN5fDhARrGpm2gqEhU7cg
_RlqG-Jp6OYIZqNHqYRQioA,_7sJtRptwWiphsj8Rk8iauA
_FzjGgma0Y5hZzxdcdyQmwg,_E54Z_z0c1gI8rTLxsjpvlg
_dR72Fe9hVSHk7_mH8ojqgg,_WE1IAI9EHN5pGy1go7gLTw
_ZkiQU1Uaa2UiiSPWM4IK_A
_L_A-0yarAiqEiv4gc0hbWQ,_cSm9vVpaYz59gXaHNSlZyg
_Oyri8PwVgseS6RQQLIkqMA,_z8f7yLSE1BpB9lBIcS4llg,_xylC3j6zDN-TciN27U8oPQ,_sUqVbo8HZNrNUYCJpEuvNw
_8dh9aHacfHr0bMHiAcEvIw,_VZRYBLspde8ZsIdrZPhISQ,_VuUXc2K9eOcGaQrxCfVsIQ
_gEqQ8dMovP_yrefC0c9HIQ,_Tg3C3rY4Q80IVtmq6_JWWw,_pYKO7_QtitK0njfSRCYUzQ
_we7nKO7mL2oQUrBm21KifA
_aCo1oqHuCLpMWDCi-BZPlg,_MbxlStKVOt1th_UpYbPFHQ,_Z_fFVaxBoyuQvUEytl8HFg
_sh0Q_VqiZP1krC2kq8lw6g,_omr-8zCpss36VtQ_0ViSVg,_LzdDeq7amW3IhAdYvr29ag,_U5-2dpkeaytRDDy_dC3YrQ
_7lKcmHLjx5aqP_muCEtdSQ,_QsoFoiEahxSdPwxCpRTB0g
_vUJeBWHSX1INhHWheThixg,_hrlV5EdefsGqDblZa2lu9Q,_a00xot6ZmvwjA2IAL5Escg
_YmgSinrrcIcdGkT7IW3K_A
_65vSlUMDpaUAv43s1NA0Uw,_HN4jUcnX6qQDN0JAnOeBlw
_Yn1nQ3jAfbwuGGjk0TMzgg,_r_pnrrvbhfSDM49tD_MBTw,_iQg9WBWD00oniPAOI_1DYA
_6k-ySp9kr3OLi1CvQ-o5Hw,_5EkyS6O1iFRvqzrgc6_gnQ
_Eus25z2ulSu_ADoLelif5A,_A5pNd8fLWijxegisCIemVg,_Xqwu-NHb9JH93SUNzClKPQ
_xbJlRbBl2QZALFN2yBUDMg,__usXOnm0WbbECyRaz0AepQ,_-RJbi45AkV00hFCPX9Y7yA,_tBkR9e-TlZlTM3Q0B3mAfQ
_sNkgWACu0Hzt529su0lMbA,_zmmK_fw838VTNS0kD6yqbg
_nz41JE0-WdrEXSJGJdHBSQ,_RWW6Rb0UEwFTVV_PZYsmsA,_jOQ5cxhN2tQSzJzkpR8Ghg
_ep7uncl17SnqI2u0-2SXjA,_80AE-U04znOwK0TbVzK19w,_WUMqDUnC_a0aTnbogagUmg,_YGB3upwnAPm4z3r_NF3p5Q
_NmD2GWBDAI9yZiG22biRCw,__hoxycfsPViYq5pUTb_baQ,_mabRkjRNRWWJMx1VlJXOTA,_a9ZhPP6WtWkt0GGccZB4FQ,_TGgR8wwAShxldgZ56OGZlw
_2UmHcBD9XUrjDfOozdg27Q,_dEZudhLIOlXtFxDb30gDVw,_MmUF_93gyPVC5UTy9DtswQ
_RqAnhtK73VqkEnvVCyXqWQ,_t4pp2bQwwij35sl48S9xug
_7KYQAqFOgii8fZuF_4sVPg,_G0ompvm3a5BrFE4N28UtGw,_D0Io2QkZ-VPHP-9KKIh7ow,_sM1w1Tysolyxe74Sjl2KAg
_5WaSL6KbCGF-zspYZtGD3g,_GZN1s6VxWbCpLdav0kANTA
_2I_d4G2e1QcGQmo7e2wDkg,_r7ZcvoLlA4aSEBqpoIrQeQ,_uYMlfEM6NWzJ94POUkWSLw
_gbnC9fxtAsD8vVQoweHgDg,_uEO3KiDRVYTmR52Hxfv0wA
_6-yBkbVe6XYt2XyIFAujkw,_GhsFBYPV5PIoOCO9rUPJYA,_nWCwKHbyOz6kEitE61LiOA,_acX-wyou2IexJB1k5vOgSA
_3gltWgVz8HnRnWwtTmnPAg,_bgDVy6sSFrNfn_F0E0CXWw
_FMQK5C8b8TyIR-q6ngRJsw,_TbjZvAASQgakezQASAeFsg
_V_HgB4XZtGoOBAsfxVGuVw,_9U4AMOcs-uyGqJffMpZiIA,_TNRicazEgWlVkiM_KmXOqw,_Ttaj4rfArf3HMqvwj0o4fg,_KOsB28sLm-GUX_hIfNLNLA
_y7iEfpp1gaiRRUJNHRyGqw,_3aSFdTtjvVo9b3p-kjFWUA
_ogYdI0FVRZDj4dztenwvDA,_klTjdCbumgWo2Fxm5XgbjA,_yvD34F7DG4C0ZXjX5Lt3Ng
_2Qu4g4jiAU9t3CIjIkhohg,_39MNrI6hMoU0rtI6mlluqQ,_I0RvblRNJXyDPQgN3GGdWQ
_yqbnNpUMGMxGdwFKRpcoPA,_hkoPQ4D63ByhoYX7134n1Q
_Cgu-2xSgJnmjZ7iIwgZGZg,_hoFXMIcVqG55-HJUE4gVtw
_ZAimrzWnOOq_7xO66VF22w,_XxZ5fRfX6Q9sXiujBVeTFg
_-qkGABgFuVJAsOfmGucsug,_5O2L08-b2c1GCnVnJnHoaA
_yzx5N_lXmLtsoEa_k7cjSg,_TV5QPY3FfdopSwbtwD83mg,_aWophpMh1BZL_gm_ssSMgQ,_4Ig0x1vva9DGCuqjV918Pg
_aS8D7lPSPEA8L9L1VO5Z_A
_waZ7jopGm4wscjwhC0O2dg,_AJV8JfYRsq5Bjd_J8MMasQ,_Ul6AqGRlRePF0NAbA7p2fA
_26GWaQnBgXoOoyhZ5PN0zw,_Isk5q0ZrJEwRgZ78vEXdXQ,_DeUO3QKFeoLwN5b5gTFADw
_jPB52nJkyhxLqrPeDw3EeA,_HC-GSkoGbVNFVd9oxshniw
_FCBJtu3Kaw0A85cKprIAKA,__fR1ZOd6dCqyCcZKdL3oUw,_ALxGPYgV5L0DjG9b_4mfAA
_S5Wb3r8JBX4OEoHdmT97-w,_algL7B0MPrOVUuGkX3N1sA,_Jc4fJLsAsZG_HTZIQAmafw,_zIyxRdtsoKziq6F-71U6YA
_p_OOnBm9zXl3AsmIFtQBDA,_g134CqO-atqCKl-G8_6XZw,_9I0J1xAt9kDNvCIz7Fm8gw
_Y7CSsXTbMmA3WQVmt3FVLw
_8Uog9KjSrgXj39oO60Jr5w,_8A2pJVifpvtBeb-yhxLjnA,_O0v7oKExmMyGKIgsJK4CqA,_Fhc5netwNDDhkWXf8FTldA
_b9euGKP7-XUeilBkO7qAJQ,_RoCDqsiRP7w5wbHPzG_Aog,_p72l2xR7b83kTv8x0tVc9Q
_9dGYT1IGdZDvhGCQiCX_VA
_QmPG3lklUvAPwiEjJI1YQA,_bfAR70xSb-h6XuVBf6rO7g,_jyP0SNg3nNGOXkd8wq9pbg,_b6bMIgOJX1lg4VKW1EKlBg
_rtpwA2LGKgH6odTiz0mzyg
_mR1Di8O2j_G3Pjxh9uzgUA,_Owpqm1aDiAyumxaCrc-7fg
_Vydnt7Ri0LS3TMxM_rDeTw,_39huvzWMP5lh-pPr1Gm8VQ,_7Fg5pFmZVrwk0SevLh_SPA
_xzMdYK9gsaKfFIELaj4LsQ,_Chp4CMoyntBr1aFSyBu9wg
_mNYONVoFk6KVhW_Cv-RLhQ
_vJIQdO03CnlVovH0BTNHNQ,_vD03aKuPMYcs0m7IuMvlFQ,_aPGIL0haG6zNHX3Prax14Q,_IKjDq2wvGR0-5UJAF5694Q
_yJPpS0SPKPfaHJYNTnPKaw,_laNXrSKP4pP_D-s0_Diiiw,_VfJfpoUcSUfa-M33us7JsA
_4_1GEPT47NkGYcgD6XB20g,_723Mh737HDfW05h1PiPKMQ
_sYWQj__KruY8qyn1XvJPpQ,_Tbt3IBCTGlfRYjJ4frjJog,_vQwEhgLPEJrMbkbOt7RZfw
_rySnemkmoQqL-ZbM4aFmrw
_TrFvu_Rqvo60PPqfR0WKDA
_K1kN5GDoo6ts_S3CYSNC5Q,_3pbi4VS86ZX-auELK58Eew
_iFTqNWmG7luiC5Md1QQk2A,_hM_6ABWpitLUEMYoTILfjQ,_dMs85QvmSZrYttpfmBpf-A,_sqF7u7uNmGr7DLtpSSUxZg
_-924OcBr8v37rhdE85ln3A,_sd5Gksu-wSAcyfN8ZxxGmA
_Pd-qcclrVI8YUioHSJE9Bw
_AX4vae5iDRNjie4Ghslkng,_mgGnd1VY2l6gu8jrEdtQag,_8J0xKow31WuQgX8YmvSMog,_HZHugrPwezg8uNyp6wzgvA
_gjOtah-fhsUeKQ_KYvpSmQ,_Qu7yqSKRMDsKL4q8lrOiEA
_sRzUrzaeU5wl-D8NlvAsmQ,_3PnfBAXax9yOfprGLZ44_Q
_Fbqrdmhb2xOm6sbCPXZMVg,_d4540B1idzDSMatcWj1vJw,_cw400eF0oihSXuke424iwg,_jDIZr3KjOC3nX_2mZ0QGxw
_jCrSKQAqM9dCR6P_0ChpIw,_C6IiDlEsbCTuMOIpZJhToQ
_ZykLxalTKNJJ-ImR7dNZfw,_UkODV1xxK7MdZTRL64aNAg,_PFPOjh6EcTZveEo8Z0uRfQ
_bxqPjxIAyokme7E3Tca5FA,_79zYZdn3s85QKaz7iCIA4g,_4LRi8f0F3ZSXLp3CJoOsIA,_yS4VTFUlDtcG6CuFM1vIlg
_pAJEIPf41o5VtbWlzKaWRw,_6G5msnmxcFZRi2oohYTH4A,_kZD4P59PoBtTJOAorjEu3w
_mlkubQ8YASBtHE2-zTE2Ng,_GWJ7ztf4oynn0Y0NpU-lJg,_JCr3BFPvsex5iwX-UUUEkw,_-AmSfG1f1pfW1s_xGRoBGw
_5EKzu8nsNYXsvBOvBscsMA,_cqg5kkRYtWKWGe-5GBdF6g
_A86tJmxMsPGUXxfAP3MyMw,_Fv-XkW2yhtoUPbcItCUxYQ
_3Ldgg2I3EbLNSixbBBnvAw
_oL8L3McjNmqObIEwW6wAeA,_EToIcIT-LibwepINWvHahg,_uYQW-Je32IadWreUXftfPQ,_djjvcAZ48Ms-c9Zqo3oO6w,_wpjlVsq_tvivJ08sDamlKA
_zitn43vPNze2TJWToWb3BQ,_wT_R33WG1ZhOsl9jz3KWbA
_zecLS7-pPbjGtn4uYr8M_Q,_PWh88sZfa0HeJsdmcshFNw
_U3JEAhZj1elC39hQxWXYhQ,_Lc2tBU5oE_8cVJP8Sgfw-Q,_QIozRyB3TmfzNJiM_vD07w
_UmHxQp3MpFFbBe8vzURDJw,_KSDfqZqGM2wnFGaxOOX1hQ,_bvJCRb_cIvD2PjL3N2BBMg
_1VFecM00-28lTa6YPreqqA,_umgczRuzQL3HHihIUKVyKQ
_f0vHcudMsX3504fNuzMDlw,_2AQ1_IQfPq3Mn2ultOOo1A
_jpBMeAqBRTxBZQJFP7UmNA,_hydZeue4IND8z61nRsdSqg,_QAADlDrvt4hncypha6DLMg,_AqScjgOI-RYr7rAab7cWhw
_6ewNaOp6k5JClpa0Er-_wA,_HLPxBr8r1eB8LoQG1LZOfg,_Q7FI5xCVlO88C8y2McinLA
_-l7h16sR1bnMOjRR2eUltw,_OsDE3Fo2qHmRBG3IYRH4LQ
_ZCWfaW9RY1Cof1cidCe26Q,_iv8WXgqKUIrgA0eOXzkoyw,_z3YemLvrBcpzjdCoAejGJg
_V45OniDySCfh3lKl8nJshw
_zwkqDByLXAGu4az8TOXzlA,_JO2ZLZ45nmCLW-QKUEeYFg
_wFmuRQlyyKiDFeQIHGAGfw,_Rpi9kdH5WU_NCtF5iSJ1LA,_ERUDuLFirBOTiqhzMMSGlg,_ftaJUCzAnj27DRtXR-yguw
_F-T6EctihAY9r7AqUWar5w,_Gaa7E_gjiv6grJzS-ujZFg,_2FnsqvNfkSHtBFrSAMnIzA
_tsKpParQz7NRe3heH3-6fw,_V26tzqiNYp1cDTLFUE5zhg
_AbuAyFgAYwXTgrvV092STw
_lRSPfynQ6gO2pljHrgA6wg,_i1YwIH627cOy9JlVUGmslA,_LdXDaexbg0HnBX3Xg_eWhw
_um6a95M_tOBP7lbiLmJ5Hw,_oTtTFdp_ShP-ZRBj_bhqAw
_0haxtKicnAqKZ7fcReJF-Q
_-FJ8M84ymyRdSMn58L2XiQ,_j1mLWwyTkxkWpxybS9XgnA,__to8xPd24PiBI8w9EYYTpg
_fheTuxAyn_Kxkvly3GIl4g,_VThPsQXZwpS5t25KbFmPRQ
_bNYvChGhEnNCsnFGtiN6lQ
_26mFmCVe3sOdCMIN-ejFfA
_R5Tx2Mc4thNrv4p5L7062w,_qOviZXv4PL71gEqJnJzhQQ,_pKZYHQkqYRJJbGz3hCrR8A
_PxF4yEJReXZaHnefz-xMPw
_FYw9zLDesISrOo8dt6coew,_pb-4OiwePDlr4vsxVXVJ1g,_TbsPCF8EDoF74v0iJV7qQQ,_ZxTHEPvxZBVcz8xyRiZLYQ,_EGH99sFzwPqUEn8FbFX0Gg,_HGo-Ocl4cGK_57XMjfqE3g
_ZEkSzQSRBpjIVif6X_Lr6g,_WX1KjM356eW_BEmqXQEHjA,_2ZtEB7oUhW7HxEEAWWExzQ
_56GUZeKIWQiPdq0plc1lCA,_911lSynqPkVTthcIDd2jvg,_izRIAP9b5P-9hThYG6JbkQ
_BCDYTH_19eRwYsI3rsAs-A,_K380CAk4EPdIMVwK05EBJA
_99uiSYKhjlgzmJdKWmLcdw,_En0iUhcexmi9zeS-JoqNjA,_u9MwnmgQv-ITQ1qWRN25Dw
_lrHGrSxlpq5zigLHGD-XRQ,_AzPZSdo5bit2vZuCgIPreA
_Hl1La-8osmAjVzLGCePfog
_5-kh2Sle_4GTOV0WwWz4FQ,_1sh41Y93Ww5OmaJfQPGa7Q,_7-bxp8cBJJy1LmQlCP_O5w
_oTaQJLWqOVLxKTJg6rFtLw
_IYEkpRmhomawX92fX5pfGQ,_jSf0gj2B592t6azW9LxCTw
_CbxQbyWSPO5uBw1zqBdpWQ,_aQgw12trWXWWNHOYy-dStw,_ziDtaQrxLG-KTRjUgW1ibg,_PT310by_UXSNodrNZTizHQ,_37TEk60CKBo7xP1byMfpUQ
_2BJNZsfuNRrdvMNnIWlhzw,_Ww9nVzQOeANPFfcRdz9wIQ,_jmipFTO_Y-RJmUTzGGnvfA
_5L4Htr4x9hSVVPRhg_qicw,_vxFsyUrS-PA5Rsa7W9y26A,_BcA0KPZX4q1Nzb9Mhc2KWQ
_Z4c2tPXSR0cMJjSx55gxiA,_4nSEN8__NZfD3xmSMy8EyQ,_rKRFHIEH7zyRf6YY0Hddew,_Vgh6WmgzD4ou811-SdREGg
_up9w_ukmmCp1bItIa0hpwg,_MqstRc5fOqJh2kzJ2kCrRg
_zxJv8HYUCl3CXcD7MJnd4A,_YBRKmXSPueh_MdwO-UCv2Q,_PDO1B_7Jra1hML8nQYKLKQ,_mnEDNedcRVqb1Ky6gN9DGQ
_v3Q2p0pPBGhztfXMtl3h3g
_24dZLj6jrc5SxgRuztFV9A,_rKYhpyucFgxnbW0qDpNwdA
_P7x-VXlBm3Qs54cTw-h24g,_embpBTv_sgwRQ-nvSbU5kA,_kP_E31mIRQDoWMSyCId8Gg,_lVyBVIwXrkK0ysH7BDumqg,_66_LlvicE6GAqvg2vA8jHg
_CL-vY9OpNAi5IUOrf7wyOA,_vlNT2D2DGWfoX-vLBJH_pQ,_5-0Mvsko4wNmnXst7197iQ
_n1cAGjjJMZcbZ4IJIn3jtQ,_E8E1VZBe8fuCnz0h8VGAbA,_16pL7KMaktgaCAU_jJ3pOg
_igG1eRzVfjCncAWbNLbaZQ,_ev4RmQ75CT7UjS01uqkL-w,_T14Fu55fawifzXFXkBbJzQ
_6aCX0d3ZFr-AxQtLjDgJFA,_NqZnLCIvCnNxiBSdPaWjuA,_ir10khV_9AYrlhUroBn6Nw
_EPp3DxR8g1St8RaAZc93-Q,_IZKvS0pKtcY842-8jSJM8w,_DbH-sA-Rfz-JyHn3NZrOqw,_7HGZRmFQ6In9AHy3g438mw,_aklQmc-jtVcVGk8lbuH0Wg
_gCW1q54VOOotwFWazwr5Ow,_yMuG3mACUnrydqwi3t1cWA,_A24iGfMOwuvVUxNuN44nrQ,_ikFj2p9xMvXN5hBQMczNCQ
_Q0ZVtCmwSl_nWCgbJ-bfEQ,_zWOweFGw_-ymT_JO8L6dDw,_LFysDmWZAWCYsAjJEPXiIA
_-zzn0dknIYejFBStNwXM-A,_xO0nLKplEig8V3wAvG-FMw
_jrLjnPbBrQ66QsFox1vkRA,_OE7SU0B2xETM-MiKpPheBA
_qSMOPFn4c-01QotDaWZI_w,_RF_dFiYV93AtZPJqX_itnA,_F8oqwfm20frnksNx6l2oDw,_SK7HFu_sC-KsouFD_eZsnQ
_sKbCZ4gvyKx_XsX3nAIwNg,_fjM2C-yOPyvQPlnnFrTN6A,_qY1dt_P9K6JpndubEgbZBA
_W-1AOjUFcw2mxLgmPv3ZBw,_0wOziJALBBytcYgwPiHFpw,_5oc9-pBz4hCF1-rlOqf1Dw
_1Afp-tOtn-67gW8GDTwxfQ,_PMWrN8HG3ufLGlifjFBkKQ
_zQXJzCbiBd9YFqJDPgr5cg,_eB1OAHfnBEVQ5l1YeAH-Fg,_bTfdpDJORZ5eZR0uBMlFRA
_7h7F36WbCauUEjoM4j2Ukg
_12L6SVx9TzVxBhQLfS90Dw,_DUUnXdy40Q-OoY25XWL_OA
_tmheSVG3qLLz2aslF0MrFA,_N6s4X5DqXeVSPaH5ocLkyA
_4WiA2m6iXAFsdNvF36LNXw,_iClMfTzD39nOvj3FA42tqg,_6TJjecYunOxjTp1F4LoRZw
_pCnVqhqxraX3cgglgQbBhw,_JrhcMkxsxDwISckFCAq1aw,_zglpsjmmLSLjqly3YpgN1Q
_DHyWb5rWEkeyacBkGHkNEw,_YA29fOQKlXUDPhY_6GlpnA
_DAP0MKuYOpVyLZ9-6tbanQ,_rDb4RSIJsniqctfnfg6__g
__AndKRLuONutN7lB5UvBrw,_r0z7OSKad911GRg4TvRkFg,_A2hbUDwBbvq5_yvf2l7lWA,_u-uGAj78soHqOKhfsZKZWQ
_ailjOVT3m8Q0wtbGhzyZMw
_Z7VAmGNJdAQVHGIXJPeJPg,__x07LzCzqk6X1nXoqvg7uA,_8Yy75hW8mjXobA6yRSWmcA
_DuaD0guk4vk6pHHTOkU6Wg,_JVLKoT2kYkav-Q4FqAvPWQ,_nrAG4-UIDzeQ_v5cRiOLiA
_fSFDxsAkuNbCBYZgb7tGvA,_Ar0g2cGd2aAq1eK9XcemCg,_etMY87HHANq7VA6Gg1X-HQ
_MPAIp34JXJgGzc_ijbEWKQ,_Pw6yOk1Liv_UadOVADovdw
_GjmvoaAqwTOXe1vzMZp7sw,_TrWfujdIBTVSqQA0MwT9-g
_lTVGFZ72JM9zp4DyRfBMNw,_HS0Vpe6JQmmUkJcAIP_Wsg
_l4hiJVu5mBqJRszp2aAbJg,_BvivvgDvWYh7KrfT4w9tzw,_FmQwHGxEACdQTpXOEclyZg,_m5TJmT3eab4fz4uoXXMjHg
_sS-BG4r8rF8MQnx4X76nVA,_CaW1T-M5sWoNutNoQcqltA,_49xw0viGCqBFgFyoMLoBrQ
_GrG3OgC9D2ThdX_7uA-UrQ,_-KohgyzkEUmPMEU7swGSpA
_Jl3JqHohCXOLDY7tF8h0Qw,_sjscZdHhbZC7XDHd6Yh4kg
_E-9qXTvNDRDZnzAQWXr18w,_xLMCNw2Szl_TI6q3zUlPQg,_2yd_jbLruol9hmOnru1epA
_GmGmqDIomze_kbCjVBIVDA
_o6OgX9JiC2PiScZ760Ejxw,_DBE8Dc15-jPoCnJVbWwxkg,_iUQBoPzmZ_3HGCVrEG2pfA
_974GJed9alMOJ2-C7vLivQ,_tOuXD38F2hO7CYD7HUSz6g,_knmhfa5iON5P6LeKtMsUIg
_VNLKAZmwVXRHBeif7AHdHg
_SgPgwEVDew38Am185X-O0w,_jT-cV9RIhmHxFO0SWHGy_A,_8wTztJ_O6imfOG2MZBhP8A
_rw3Bf35zvQ5_mFDtUacANA,_tI4aah929A1xiFcd1uqtPA,_RwX5uPdgrxQa8buOCYqIzQ
_GGyabg1Le-TzzYOUkrSddQ,_kuilAJChVW5poBSz7-3n0w
_5tXlF_vGt9WmZcaI0L_ahQ
_S2UwSwsNLTwKKqWicN3t_A,_j3HVGbD2OHL5bEjfTsMUCQ,_xhmW5byvKYt1ZGwP_eCifA
_J5P9zRFDuyQXI1hVOezKTg
_NVXgXRIFOzh2Lca0IPiYpw
_uBAihuEB4sQ5U7oKBhLM8A
_xhgKfPcDt8nyiaZBqTFj8w,_Rbjl98WZhWEtzKx_4CxxNw
_Cn6vOHn4Vg0Q2Tdd7if-Jw,_KqRbYcolzlgtvMf6vsoIAQ,_8d8VRl3JiFlrRtQWq1MeWw,_FFsrK0CMND0WNMrXxf0zgg
_TWmBHj3m2awaqW9sg_9MwA,_DAuYwY1fvXmjpBhcLcHU4Q,_8UOlQbQJMzd3l21TVvErIQ,_ekaF2DUxbIpgzYn2uWuVmA
_bym1OuT7eknfM6k6kDpASQ,_VYav08srk3c0O2Mu9zQr9A,_crEJCUEpvNsoLi0WyILePw,_PfqLSzcP2ahV1DVsr3XdHw
_EqaEFEcqPPMoC5Lb-CNCOA,_j69aEUALFVSOO3B3aJRd1A
_5k6MRwf8UXxpjoMIF-raWA,_XBfZoBZbdFKkwZiqUH-MgQ,_du9-rnltZLPd1bWRyfIDsQ,_ch4J-vAN0_7QFvXRkmgT3A,_5JUF10KMmYaiU_k7GRDF3w
_Ut8ZySIpOVZSn32lQLf-yA
_DRixBe9zUgWZVvC8Uwr71Q
_lk5wL_krVQEHHP63rQBqxw,_cR9LbZVf94m-5cbwHaw9Ow,_GquvNLAV-N1jyy1BzElHgA,_eULRhUT9DRYBBNHahMFlEA
_0bOvLZaog5aLiPvyVB3zCg,_iEk5zn96graQEX2NkYHFLg,_npkyO7dU2zX_ZvKZSOARDg
_0VE9FqaRHX-GsM8xWC3IJw,_IfGj9546nNwZ3sZWhPXkvQ,_fSGHuYA8Hp1S66BqZtUWDQ,_nzWlp9Qg67H8eNMPFB74OA,_GEA-CpMZdkC8fRzab4AEAg,_pDvw1qtQmOzTYlQcZk2oYA
_L4N9UR9LCUWnZRSjqTGoeQ,_Qa-pozikDorzKhqVOYui0Q,_rTfdDz4DeP5qefeK7OBNLQ
_fJ9KpOxGCrdI8KhAIfaG6A,_QIW051zS7WNxvkIbcxMxbA,_b0MKLs-trSahN6eZYh3tRw,_U_VyQzCamX0jZCB-uTW7nw
_s7FB9a-DbcJay-32DrJCcg
_Eiy0PKoJjE_magoVbYzjqw,_xLSIsPdbRXjDLAmV4uvmsg
_9h7Zy86p-IhGivWxrRgdLQ,_wE7M3q8iKHtLC-Ag50cXZA,_3ZMmLU7uN7fzeUmKTjJNNA
_2RfjytLMcmBrfJWHe6T8Mw,_hrUS6GEGDcJi--uqRwNdNA
_VCMrVp5zCa9nCG_8f3sHrQ,_jAIRveQ7YUQt-asWbZpb8A
_J-5aPbwpyfwrcGgoc9kUYw,_WjeXu1tY3CURM1RayVp8Dw
_ojvqVNcK-B_dIcKct13kuQ,_AFwBPxK5pQjjhKrNQ85c3A,__hDpB42Wp24-9iDL9D-AKQ,_e3EpFSVvHG9UHZsrIzjsNw
_5irm9ujz4jlMmFgaqfJs2g,_dcvPiT6MiJGfkICyrotBYg
_iO1XmEmE_bEn5Qe8wTzt2A
_4HYDwmFdgq8U85ZFvW2X2g,_f73HLNlmAeY6vrG5bL_Odg
_YeXWup3xKRjC1_J-OPkRqQ,_hQKoCZZncr1TLE4ks4i8Wg
_EjUExqSc9YRyoqiMGE3IIw,_rpXv63L7zGvAZlA8082hGQ
_i4K4HYTzd-hKGBOKxxvq3g
_0T6p3kueoNPQJJUjvLm6eg,_jSZbeRfW0iKgn957-EqUOA,_iuBAvu5B0rOevr5SoxpTPg
_cU6XaR1ZOikfh2MdwZgk8A,_sdWAr3xdmMKkTQpuAY0wPg
_Q9so22II3m1tjiyIOrBXPw,_Rg5C1J6mpCmSwsIDVzXTrw,_EbPM4Fn5H0R8RGhZRmB_PQ,_bTuz2cg6YWxlFJV6udBV-Q
_ze6X9_bKQVFQILqdWqDXjg,__vvhNOJLxv5vcfhSB2Ukmg,_p4kwPn2or9pc6ZTS8qqC5A,_BmB-H2h1O0sCGLRuDLrK9Q
_O4vAjFLLX0GYSHFXYW-B5A
_fD-o7NkieTXdABXbhTw4Og,_Je2RwQvt7JcLs5Z8kBq3JQ
_tBpgmzvk5hDPPtjheKlj-Q,_mcFLsWzLwUMmx866o6l9ug
_i3dra00SnLb6bCk4XGGg9Q,_DLPtowzPynkIrrvRIBmCEA
_ho3akPXiOyZ4puzyOYKlJg,_pEBcQOMkR5Pdlz6C15dmCw
_2K1tHHN62jeFIBJ31RCLjA,_uoRzq-_IKC--_BOEPU5FwQ
_AxE1g6WKlvRxBpjZyOJ5Mw,_qDRiVXpYKjG9wxfpQ97FsQ,_MpHbvCUNDyxhpDrZ1cqUSg
_w9b3det_-9cF1eZzN_pr4w,_HI_wYa6s92d3BD42N00CDA,_e7Zq9WidjYHIbsso9S631A
_Vr43OCOycRWKIUh-Ssb0PA,_KhKjtEwzFs3nGicbUe6ikw,_cQ2aiLOfwY-04PuOXMFlGw
_lYJ3iu0fmyFBrFvPF8IG9g
_zfkf315BqzH4s_rgnC8TUw
_l6GCaV1d4AKSnXTJJNCuIQ
_Lm04Xllv8bLW3fNTAbp2lg,_VkSONyEbfG0haqdrP3UfJA
_UDiiCUlst9HHOAOb8JhBzA
_klsVMXPtS1-2nLXjGAJqow,_0rMemshzVywVFq1WHARzYQ,_CvJfiWsTI23s7rySdfQHMQ,_iwhHwL_2MrxhEUmV9cSl_A
_nNTKQDAwVX67K6aFs3S6OA,_8lUXyjCt5MYZ0BBm7unjUg
_xGmGocQJ8Ldvx5Q_nLg6sg
__KhVnZjwjkfiWEMnhGWONg,_C7_eaQj6fr80YYBY44ZXMw
_o3Kyp0cRUIoujC9j8JmL8w,_goxDQDd1ei-XUFxvVxFqiA
_2i7lphDzgMEn-jBBrjlMxQ,_FZOnRpzlJbV0LhwY8lteyA,_YIK_C0NzQCUHUeJVWXgMBw,_fTDkNCBu-b34T4Upkwi6uQ,_IrQH7Q8Sa4sWMszv3tPxBg,_lJcI0ijbVecZeULULYDaBA
_Irvk-FFZQGk2_Pcf0txUrg,_sBXshsC3dRDgISYHX7vL2w,_f5gx60diIOqy1H65vclkNA
_IzUmTz8bpI-GuI3giT2v4Q
_3uB6f3bsI5WzgmMilIBpbA,_oOSvPF7n7yGG0OhKHz_cGQ,_NXF1hlE_MjrRrFM0tneB6Q,_uT3lO83xJ6vd9u9x5of_8A
_cHGo9SugavR9zd_bMzZyWQ,_EPfITyNyWwvfhGsnlm1FOg,_MFheOo_dIsqS6nSZkkdySw
_zoOCqybsno-weueBnrpGcw,_1FyPKtPr0CEzGFLDwBTnlA
_FvPflSuxC_4ge3Nbdp5i3A,_6uruLZgi-Esup-YZVsKURw,_e8BeFaH20ZgPjH2FxCegMw,_mT7lJt0UmlAMGt8Wxdh0Zw,_He_J-z_QtDcxC-WaIPnUuw
_BrER97v32GC-ifhNkQrRcg,_nZWn8SQQin0yQ6dj9un8rw
_z2bDTIFcNc_5VwJ27L-mvg,_aQgw12trWXWWNHOYy-dStw,_Pv7dfnPeopj3SuAqgo6xow
_yaqZP5isCPXua3mC67uvwA,_X5QaWMWEvmUsINH15Xf91A,_1lvacMrK9idMyB3Q2o9_cQ
_n3uMiAymJioeeqUOOPwFyQ,_QkVBx1cdyZ-2shGYKsgELQ,_c8h2AYakCeRr3rs1eC3rkQ,_9I0J1xAt9kDNvCIz7Fm8gw
_qnWRuPBFoICw5ut3vVNYgg
_RIYzBX7VJjDMlQ20NtkrMQ,_hlamgmlU_JZ0lHbb6nZhYw,_VimeuTqJbhPGUVBRa1QNzA
_J20LXWE3ZF6Yoqq19POCRg
_GgrWQjQblKDcbVyuR9PuVw
_YxSr7lDWDKJmNY_KnZX5PQ,_l1KX5xu5SiJ_jEPMmIsn9w,_EK_tEazMxPgW7ZYdNAYOSw,_gyfasAGrcU5DeOAXZlLzFQ
_siAjTL5X1b5ZuDf6iUDyKg,_63EfAEHT-yKK7nsbVjO3Zg
_HTEVeDo6nyGRr2KZOTg9nw,_9ZvV19rEhpDX43eoi9_puw,_lrfkyv1Vt6__OjcbnZBRXg,_kci083ZN5BBKtfLZQUOCEA
_YUES0eMPTtqZgD-e6_wtmw,_bbtO1YeXUsQgJ8Q0PaunbA
_rmkVSBk5MvxbGatEYcKBMA,_X4zdBoGDaqS8mZyXH6aDzg
_mIOiMxrn56_WCknDZe-Nvg
_5XWy1a2p9__BvMYLUb-3Yw,_RQ3OiFZZf0NPaoqR9z56FQ,_0d041kmOBMAgyN4GnS-L6g,_biYfqQME8r1uvo0czyb9UQ,_gDTio9AWLofTiVXFtnA4dQ
_dYnx7Yxq_1SVrlXB5YoOXw,_Plt1S88IOOyn8ACMErRCLA
_wmE0JaBEUjLeSgiO8av3eA,_Mk3QLJQ3MpBwKSL2zkRpfQ
_3IzsDVnZF4UumJIkKJ0siw,_zSKr2W6zvkwJr0kN89mPnQ,_l6FTPzMa9nbk4w7OlO40Eg
_TFS_KOQ1n-GyEYtfb2u8YQ,_Vo-QHlmJDSYha2fo0hn4iw
_iRIMVEA6bfQfx5Vhz_zt1A,_3LA7FwB2brrVBlaSy7y2Yg,_z78AWzp5PTqSP0omNHTuHg,_922xF-IlAFUeehI1febKcA
_JMSmQx14nsJs9HWZdWKf5g,_sgAoAZJZA0E4UwCStxVJHA
_UCZvXVg_STyNvXJPzYY7RQ,_fwaYmOjRSsATeM5TeWYp8g,_uuQAiFpaMl--ro3RdfE0lA,__WKOe01Z3-tJqs9-b2dIXg,_AXa6B-RHUNvt7iIvuXiWCA
_scUeUUq-S_FPlOurpmyUjA,_F7zNzCIraLi_5s5LI1rTqw,_DfKRw438BN57G3SU9Lk4cg
_1s_BKepGnTIrm3temOfYMg,_HJtxJ8QikSR8Md9JYndp8A
_Nr4cU9ahH4-LJACeFw4fZQ,_wj7CfvkYqKDkgcSUAEQtYw
_TRfRlxDOGqtq1il619Q-Dw,_oXqOmsqv4jjwRGyptL_lBw
_WHX3IP2ez0v3HUNecVQKfg
_cn5cK8vL5pgrahEfd42OXg,_Qe2vGj2U5rWwnIe_o77j7w
_8TRmcdVt9z3guEFzr6jTzg,_5QrZVZpMNVfVotWWdTfSQQ,_ROcEUdeO2iS9JsBA0_jkRQ,_LnWNznFg8Dk3GlQv9iew2Q,_HyETNWChYuysC4aHCqnjWw
_8HXtacXOEkLIHHE-nZHZBA,__dufJ_NXW2r9yugUwZWJ-A,_BfL6uj5gq30yoQ5s7dwlOA,_Vn9Giohz8ygXdk4U7WO-XA,_0M9o2rFVPyhHE6_bMrbFEQ
_3hHFATKxAZi6E_RlHPrAWw,_DhD4lmBpRL97gcvtqovBrg,_cTeLtj3axZkZG7ea1PAzqQ
_EbrZ_RbI_EWgc2gNFj-wIA,_i6DQgWxvW1l8zOJaeqnvNw
_Kx8oRqEAVQ2PQZiO3UclbA
_CzQ4-2bemdfGxW6BxCM4cA,_iRAAzwk0iRVh5yOfa6fn7A,_bdkYcd9640hqTfoTenj2Mg
_Qc_-q5YCHL707xvO3AkW1g
_JW1KvOZU-JaJ063MqUVwaw,_yYTVUIPxOvjWN8wuAkV0Dg,_Ef_4Z-O8egnBeovxDs-JOw
_10SxhbYMql0J7ZtpkYx-fQ,_poAivLawNG7ojmJsJGsp9w
_7uK1_Ldn-GICXx3VaMN1Tg,_raF83Fg89qem-U64oxVf9w,_IgwEyVuWz5ZzkWlueeTD-g
_xVFgy0_-UMx6JnPX3pJ-vQ,_VbPuE69Tg4huj8E-cMVEzg,_sHbPk9iH-zv4ZCDVTX_xIg
_WOU77VpTcft1H1ndE0O8xQ
_jgGC5WeH5k36c1t7nNK31Q,_PHEM6HYMNxFpr_5gCP_Vig,_Yk0fXjSAOVHf6ogye27w7Q,_YM6Es0pv-lF4i6k7ngzu4A
_e9ptpXVVEZXFJXymB5XMzA
_FUSsq7ar9YTY7Plvf4GHvQ
_ZBaCY_-_33Mx301XfOvelg
_YwZiZQt-eD2b3XNMduEgug,_ObOUUL2E0f6ZnqCwAk12FQ,_dyYvenSWJmxp8xH3laXVXA,_rkig3PdLaO7Dh8pA131NLQ,_nlclQX778aAeHbtJmkyyHQ
_f3xriSZTHZmJgSteqBzg1Q,_oYJ-Vyljizkxs4u73eOJng
__ew28rfe8vyVsAb8HG4hFA,_4EUO6FbfeJzSy8MaF6lu4A,_lttttzDc3J33_pq1idAZhg,_k78cE3KS-jxhJ-dNDBJKRw
_vwMVZ5A8T0GE-bpKrGGTVA,_Xm-q6ivVfIDsKpcc59FnRQ,_xeERZdYPsY5hs-40__HDDw,_siJiRnYmirMdMt2m70uAgw,_VDqptoJkFjxh3W-geUTLpw
_oeph23Nqx5ab8FcbbnRTYg,_iXTb6b8NEBhgyclfSRSWpw
_YnhAYjDZD-urBoijKpYnCQ,_ObupQjfnFxhuNVL0-Yzlug
_Gl1wqvqYW520XONntEASEA,_LpQcCwf-ryeqiiZh7er9lA,_MRMFSKroa9q4TCxhKKWOGQ
_T79khxzcXp9IVJUIBo-cqg
_rtFqTMWq4vYEsURSzIQxQw
_N52788qJbO-FRfWFDPOLIQ,_v_2aytKmoBoomNVQJKusCg,_4NFNC7NXJ2gWw5CwLYqCGw,_ehfsvyvF5Euzw4MuFAjF1g,_OdXsO1cjNR5YMQ8YQZC0xg
_Ph-TwxkpkXy_4_rUyvNvew
_TV_VWfBUY0Laq9phTYK8Xg
_XNm3sdqHdjzR8Cs9yGj7kQ,_DtdqGyURh0o-HCopOD9ZHQ
_5n19B4t2vLx8PWWKHqa01A
_Uvo6nUhUj5swWO5WisI56A
_jCKcH3RQWOxeB58luabO8g,_4y09ECaEFtsrNusWtHNwiQ
_Z3jsUSFsicazCQl9cnLkLg,_tuuQSCjtILpFtj3_0vUqCA
_MTFuWLOnz8jUgnGQBiA7KQ,_b3TPW7OytBXKyCZB921dEA,_HCKz03RjszUwl5uSjSMp0g
__C6KsMTMycpy8jjvqJ5z0g,_Z0MCORXUl3_mr5D4OqEcmA,_UPVi83XGRJBYxV5cXa-9Pw
_Arng2Xt8RDDV-Ul31xld6Q,_2uedf02_CGKmRNsOLl5WGQ
_3rl4gICyMNwmKfRMy6MKiA,_EdvBB-Obzxbt6EIRyXxl7g,_PAYOfTPmjS4T-tBS-C08ug
_gpjfmGHXwC6iaaroMK01xA
_cww2BKuPBeu0Jwhgl4FCpA,_wSsRW2tfgy5CVwLkpXoP7w,_wyxuak1OGf7hzj4-zLX4NA,_LN2H6NoCNeoFZwzSZecBBA,_85i6iRwVSKrxIwsk9m2BXQ
_poVugbbFazcv5ZUyFCBNYw,_ZzxZQQURU_gZboJTIDF91A
_7XYfjVvG5EbU1mBDdCqmog,_fcmAZQ19kr0GbifDR9C_zQ
_jM8-tE5sHzJtckAhMomI3A,_eiuzt9VnaNHTKDdWYMed3w
_CjFUzQuGY8k1XdBd_M9imw,_9uXdpzLqH0k0MJ2fos9JKw,_BWZ8r7XzxMr1inaEqia--g,_WJMvtMPcQ4qskixHd7bgng
_UtYQaYcAm9kfj2q-aFH3dA,_PCnHBCeYscUkTDY1yPCpfw
_RfoHDNZKd64n7dFx-8owaQ,_ZsF7eGXGEMsiBVSo8YbJ3g,_S6OPSM50hMSojuPfh4oc9g
_wzyOhirhjVDyiFk-LHN2Fw,_vGsu8nLSk-QBgMgwBRtIag,_ROEx_Aoh4BxmeD2QCUyo7Q,_gfrmFJan56Wc38ha515BLg
__cqI4ptM9K1lYLnAE0_16A
_n9GXseSgKsh7iqlYLMfKlg,_rTbYpuGGMfS7D19uewfQEg,_qFbePti4VHZdByo_D6yXCA
_h5FUaT1p5NQb-wAHiw8tPA,_PhIfK3QDqiM9HBzun4XddQ,_NkFa6SerX2_QvCYJFoSovA,_o4AG0Jv0lLS6E_6TWPTLLQ
_fzlL-UOwzzTX_VII1neLNw
_NgAIefNqBIgZisgnj8ZXgA,_-cZSqhgbs7TDRZynDHaudQ
_G3cQT57Yo05am2mlc2_X0w,_H_KgYDPi81x-NDj5OJ7w1g,_1m26NY-MkUNEPpHt5OQJIw
_PwucA3mO65IA57PDA6Psvg
__rldBVD9EkFDRVjIK9YK1g,_u9yFQbXwbptH5C44kLPBGg,_7biwG5wemZtf5pki_kas5w,_8HKx7qkMKYFUszJNfqlPgA
_B8uu6UnPaWDpX8JDmWQImw
_Db73BJqQH-pilunYQ6xbzQ,_d2mvXSJ5NVHigy5xc-Y-KA,_drDYNkWsZMbhW92jp9hMIg
_9egOlsqIfCydsgkA1Cf4DQ,_gSFO6TacldB_WDEVdvvvEA,_cAdIdrp95KSLW1eIElaTnw
_7djux9M2B2c4dNxQ-1KsoQ,_LS7njiGM61UdEy52HTcepw
_CwyyW2E1g0BVBMSrPz_9rA,_P6lygPl_Jwm4heaozsVcAA,_8RYDX8m0fghnQ0nOcPrAqA
_QNdIL62z4z4bmk2lZRragQ,_IdzwHESwxe2a5Eo9DJZtng,_onEZ5rr7dRvagkqsIbgXgQ,_KioUZsERlQZ1S1CY6pwnTg
_tt9-Czg4-oFgPmaPke-WAg,_AWYvWyGeLyLbXXnwYn-oPg,_VKowcnGX7xBkNfzt-xUyow
_34PiJTG1wCSoHtZqdAqugQ,_deMMyRv9f9iK85xks11yWw,_VmbSb6wt7Bygm3qplXUe7Q,_oOAmGQzpeNvndKas4xtCJA,_8Cm7w5BmauBriwQ-UqPtGg
_0fCOeWRNCFAYdVXqWUb9zA
_1Qo9ph2XY4xJY22diG1gzg
_jvBZASgygiDQ7qOC0Pph8Q
_8HGq5IjmnY6RFUGpeYG6-A,_lMl9MQoH9x4iImrm1gpC2Q,_BZqoIoyNORr0QdJofJDh2g
_faBCMmQYDsVzVp1eZQVxYA,_oJibhPe-XAVghfB5RfETqw
_rC6cwTFrpoJ_9xWYVAh1EA,_9YlUHOeGQzNf6gpfVnK-qA
_ZrWYWcQHkOgUVIM0EFQc-w,_yJkO2cDwwwiv_pKNiBoBNA,_xm2F1m7BElzKM4O5nwCbrg,_Sv8W9ChcCnLSWBGyAAeM-Q,_PFRj0nNDuHIV7gpIbvVvIw
_f2H1iDiWL0XvwMOp1ftQ4Q,_fa9Z5q-hZMI7cSliWez9Qg,_L80TJpcuMW-OsD7UfhwdBg,_2ra5M1wboh8UTtFuuldLzg
_7gB0kz6VvZaEuYIj89_4kg
_rjn-OC5RuVAiw9cEEOGTSA,_avC7D8wFxfSYULECbmiAWA
_5qU4WE_7oGVch2ENUJC0bQ,_0E4jPt55cP_w6VMp7cpcNA,_aLGsfNg_Gm6R1i3ObiaAbw,__YQQIRjw_zLpCBxLEnzrLQ
_NZ1mFVmnE2nIFHlIZW8QLg,_NXA7yXz7K48rDpyTDgmdXw
_R5vG_XYSQQl3L3uAKSFG2g,_z_Q76VWcZcukPYFXUkVnuA
_TG4oeJsZ6AQHLqTicsoExQ,_XRqbA0qYRoqla0HR-tI-QQ,_5NyoV9JK0xTsDL_yNr2vAQ
_KIWvRFD6wqqbOtPBPyOvUA,_D3AF1nevqFZu63MLPozPgQ,_1m26NY-MkUNEPpHt5OQJIw
_jSV3j37wvSBiPdNR_KsE_A,_9BljOYk_bW5dcXdna-IULA,_fLHPs0gIF0g6fxcuRmNJ1g,_gMxHBelQIqLnlTCbJqad2w
_yiTnHb5buHWF0XK03pOZ9w,_lVrFOMXVmwmG1T0jUAVYDA,_vJPB8saIp8tjC24bL3pk8A
_yvQkRqCG-6tPfTJEEupMEg,_OHtYjCV_wBpDkBE8zUFzRQ,_qIr7_k-k7r_JGiuxyidz4Q,_RW1TcPvDDghcKvNaYikDzg,_m3tPwfVVyz5ZvpySbCPQtg
_abzMe6j5rHfkmiaB8UCO9w,_QQciUomqkj4GIitSGNOeLQ,_xiIpisJo4ztI7XurMQDrUA,_7HVBpo17vyLN87DpWbWmug,_qSphw9sQkqcm3cEKruXcyA
_2X-HA51UHiSI6XbSv51-aQ,_YLQonjjESfaPCcoSkge01A
_U0IfIMOqDmHNtiDdD-HOCg,_Etyns71j0mGCRlQmXauVuQ
_QKL8zdGL8DMvvJcZc8fkDw,_wqlu_uNgE8jLue25R4k0Fw
_Ta1qezoByihM-IQrtVt-xQ
_S5-Sv8BFkAZQduLKHGz5dA,_IljxTZXAl6RCzbCBkpjWPw,__8mEFgEkHt8ULRu5b6Uw2w,_9VNo5bjQfw7RJ0PpYWAQpQ,_FhGGMSlewk-YyDS57kQUOQ
_Ts9x-WRTfOklWUgFy4sXcQ,_EMdshQRlTAiF0wcWse2cCQ,_TuAh90fCMEfNhl6P1mjyZw,_Dk1vFjL4YGs0O6sTF1Kq-Q
_TnZdssSrp2uR5J_sqT0lag,_2SLdB7sgSOrUGOSmH4rv3Q,_6ECKKQCxHSG12y4eS5uYOA
_DxjbLjX0tnHQGQLQJt6b8A,_1FXxtE_Q8NViE5De6LXPOQ
_M80tWZOf6FlCaXsdLHBPBA,_1qLFY6ApxI3lm1O-80QKDQ,_vag03K26hsSnIY_V33Y2rQ
_4UXb53rmTkpdEZT5vlwNcg,_CLkRupmD2dQa83azm6P_cg,_rfxo95J22d907UZIFT8BLw
_X1HA3CmjaljwyPEANpssPg,_v7RCgLP-eOkuSDfx835E-Q,_l2YWmjGrnmPy6e1RMBlE0g
_MCNgHQOVfJDbzprYtnxrvg
_IqkLHRd9gGRYH2cH2ruLxA,_XK44nsvQasn_O-_x9YIFZQ
_kZ7DV6pqMMSDwoPZ2g6mHQ,_DLi6S-zYsM-u4sHVBshV3w,_RZ0y68AsYvlI8IHZsr7OMQ
_NNAG20imZQmr4IBcqO5jhw,_Ty41M4xR0l53-uaA1n5-Zw
_cDc_cUeUCBsRWhCIpt9OYg,_ATJMPNMaEfHH-fR4dc-PWg,_GdIVsXSZOTF1K9AyRKarPg
_eHRG7uFsJoLixV2Ccv9Juw
_R3V4qM1cqsKzYa8TKC2exQ,_r6A_y1LyS5IwcxyUtQragQ,_DWAvURUcF2eVUaI9LGCrcA,_i0RuVAbGy8ZGorwXZYNFSA
_btRd-uSlETRbMdkFlKuV9A
_LKEJL59AlDfpRWLIixlC4A,_qQ9RTJsmV5KCijc_36u4Rg,_sYAhPn8vNYdu9QwDIZbHpw,_zjeNtDHGhLbRy_o72BjcKg
_NaBgL5FiXh60sP8DYNvuaA,_meTU5EGQ3_7FcvYD4hs1lQ,_aBGVIYecDA9am8tee1GA0Q
_MNHBn9a1SO0_ILhQVwo-XQ
_h7Hp_pK36Mha-Tk1aw256Q,_VmmVZjfHEPy7Ws4NEP4uBQ,_UiRPjpOm-OarwmXEt-s-1Q
_Dn0c-zjK1RZYVg_8PafcGA
_UQVMSMvUojL_FNG0OypkZA,_mex7ooygo1eexKOQz7gfnQ,_T0Cpiu-y-ROWqpFBi5DZtw
_EMfCZQ_WI6x2Ria19ubUbA,_5x2CJtkD6phasolOtZAnSw,_tqkT47AkpAPJjZwc9f4ZRA
_mQqkMuGdojp3_ZCxKLC-uQ,_ziZ7UBm4-m0p9WxroUduuA,_nMzb7fTCX8yW8nscdii2_A
_MG4ReOvHdQukSlxv_YAeOg,_R5Ocb1cXAMX2H-BF7SrIzg,_DdiytmqihCTZHoYbMOBUTw
_hmjZ4DpDsIzoc6l93_R81A,_SXp48Jm0fyXmifzKlYrBbw
_pyI6ofuOkXL-2lsULptBTA
_GI1Rh3oBIvMX6U2Gl0gLeQ,_5FnkkUgL2Al6NFJB5Peusw,_U0gyAQrilRsqtU5srfMdNA
_lfCNJ8UI1QyDI3TCTYiz3w,_7nKkOmaPRI51dFLFJk2gVA
_hs2cYHhYBa9mXd5NCDtkLQ,_XG0JryhfF7vULGdpHdl4aA,_PGFuKWduxi9jmpVufW72yA
_Q8IcALP4eveG1xcVMA_qAg,_clQ_pBOVyCzF9bScIMtXtQ
_XnRgwDEnsBLH7hPq0PLVZA,_klN0RMDCDdc6xRJHlqDzjg,_4BCmS72UflBoh2o-WCUCYw,_YIT4UCzRjes0MfI4ABRT2w,_KvAbS04HnALxvm5A9ygaLw
_05TSeG3NlQtVkVvQcrHQ5g,_LwiMqTCv6iBbfr4xNqacGQ,_A-mcLvplfjfhxGxclkCBvw
_WEbUmpX2gCfzpScpHGF3Tw,_U1ek_R-A2DGPGEUhwlxNyw,_bwSE_LMm4ArlrSYV1nKLxQ
_gZK9qXLQnRMSDKn9Q1QeEg,_2l272ISexDd3Ouyw30T_Bw,_SVq0j06uvb476X1DshCuRg
_To6qadJ27oiYSpww1c6RcA,_zkmaR9BbRb7WHuS8-WCWcA
_gyqCaqmk1Y-N8inCpLZJ1A,_iZF6buYrwbvMu1srawLTdQ
_wzJ_kfJ82eVrtZPrO6uc9Q
_Xdgdys6tffCvccoPNJizyQ
_19R72vPr0rKvmiPr-ZpqaQ,_9bb82xF87_IKEidbcGaamw,_kK6FU_1VFvvdKrrJQpNSJg,_QmKHQBsCRkS2ORZB9fHTQg,_PVaNYjJQEEYTcF4VNns6IA
_FIKraSykzwMy7YBiODV46g,_-TXaxcsOm3hEcsewE6PKPw
_hEAD1BLaH7NUv0Chesrcnw,_4oOZrRi39bMIkzMokHt7Kw
_LU_264SGAAKdNVQnKi-aww,_om8Mm9QXYpU_nrx8GQazfw,_bDlZUgUsKZkRAwV-or2imA,_DtJzlHzX-RPuvnUmZoJ9rg
_NvmeVwekcuNbRwfSGmnNWA,_a0RubRgId7Gg_7a8Gw1JlQ,_T26Gr8JaXzuEkP6Po7h91A
_EG7qIQA75okpKXjG0GecHQ,_xTRCnDvKQx3IReEzxYdmMA,_JLVHCTyiYY6TZRgyzM-LPA,_2_DIDR_kGM2Fg9pIFtuSoA
_c3OuUa50HbWXTL0hVu5FFA,_dMnkWGwnovDQIYyXF0fGEQ
_tC9r8SW38t9EEGy2nRJfSQ,_j9IWSJp5R33lXp33eoTpeQ,_KSbIEYv3zTZlAyCpdcc-Yw,_Pcnr1eRDw4WPmDGRbkU6Vw
_75PfJwPUNmP5SGlJHaIumg,_y7Lxz0PtP5-3eAEBM7G2BA,_RpvRXNFrEoYtIbzuIeapDg
_LLRnFl-9TSVgcrQ8mYK95w,_UjeM1cgzWCAc1EWKQczHaA,_nm5CdXaeyij-s6g7_WDJEA
_D2D_D4TEn88mQ8Y397FU4A,_7A3YA9aI719aQ9fPQ-bCZw,_uIVcPzGKs0jWBj9hTj1nXQ
_-MiV1dzd__E5kUg_Ppp2xw,_6TlgKNoT51IWV_UdzawKrQ,_iFumfybzW8T2XAtLOXMVrg
_aXS-lmsKQBvFQVdKobr97w,_5xPxTjVqAf_saSuhyvPliQ
_qF94C49ZHEPJnf_ejxsAjw
_D-q9V9TRk8RJNdv3Emwy1g,_z7QRXvgevuKZ5oKPuZxCpg,_6L3VAxXYzmz6k5vGraGOdg,_BsnIEahYe8sqrAkPGIeEKg
_U1it0Ma6JArBAMGIp5ODZw,_84wrQK7FLmwXTGi_ICn4Ig,_Nk4AjYk-6fJbST5oP23fZg
_5RpaiGLq9FQTCDN_V3vjDA,_Jmrn1sj8fL2y2jAq_czbvA
_0-lngYD-WXAAu31DhcsvnA,_e8Rl-bxbEFDB8aC5yb4mpg,_70brpuYI2xpuVGCim65M1w,_-A9JNOByDGbO_AWjaISkgw
_96dIF4dCcALiK4qTZc1Nag,_KkECcHM_l5MwGmTkdZVOdw,_5qn1NgnYfnJ6STXi4O1o7w
_mV9Jtpe8tIalIjhYv2kAlg
_qBLn18LXsh7d1huwMYCf4g,_RE29Urly338q4Uuo6yWwGw,_Jvk-EC90GHJ0DUtbiUjWQg,_3lnphDUpPEvRUc-0h5vJUg
_QQlAkZDsuWJZji1pd_Bl6Q,_9wQxyaWcZOzcOlqSQpV1tg,_kfd0pxTZPXLoJQNP98YJpg
_ERw_yVRaZlEPLIeDIQ-hBA,_wxEKnIWcgxUa9_BHhLBGkg,_qCmwxGMFdDTxFgdj2Gklcw,_zGEu8ZHfa9ECh8uXyRg3Sw
_NPTmTzGvgUWufL9DiYsJfQ,_o4kQ5UEiQW234eqXI40IEQ
__h5QMAsdCjt3IR_8uG3uRg
_0gdPUw_E9d0TzSILVf-ntQ,_YmL_VB1TBBHoIrxkwrZs_g
_9qWBvukGAWeYPc9gFkX9Lw
_kRxY9jOwKDcUMPLlF7AWmQ,_oDi268yzl2QrlHBKlhsu_g,_2k_vPvxtsKO1C2BTO6nV1g
_QEO_cjZwtz3pBYcK3Vb8kg,_dzq8dbnXN-Brf-6SfN8uCA,_rT7ePXFgP_MkfJHFnvozHg
_vLUkNsNuf8Yan3mmxi7Nsg,_2N-yPkS9avVsZvPzaMAJ-A,_vUo65VkS6elNpe_hRpWUbg
_KwkBy6QMOF1E8iK3mvkKWQ,_vw4-OTI4o23NkzDtNgy0Vw
_fDLkWFi8w0EiYxybgXmcww
_VvUyT-tehEgqPvJPU45O3w
_RcAPzXXsceU0EWvFGn5xww,_vY4yjClkMl9xTWvGbmbNQQ
_Clj7_zifxClXQHSc7mLrSA,_7JmddCLz67XVGZT4-oe7pQ,_0X8VSxLCp8D0MtCWwEveDw
_l5rqRzIlGogv5xlahNBWAQ,_KALEfnGOwW82wMUuUapRvg,_Q8B5ajgL-Q7At1OAkkrhQQ
_KysCq-6C5tasuum95s--Eg,_qydfXlozrUVYeLXlgwXCXg,_WKnJiMFLFN3kSpH19JZllA,_gcWKsHx0HEUr4K0OSbE_8g
_jawo2RGz1PGf6OdqhIfxQw,_guGSVm2NqzynjyFbTCzoXQ,_5H_rVeexz-fqBnCW6KH3lw,_BfFUKfc1Vr_3chTIHPTUoA
_gLvVREQRU5gv2GclqW3ZGQ,_DnDkPH5DDRCNGwQ4o7DfKw,_WCPmWzS-O87ZZ4D6dqdglA,_UIDM-D85wS8hzg_kvikNjQ
_p0YfOnJWhaxZB9d3ErD1oQ,_fR1fcVnqKXiB_uSgZYWJnA,_cYM8TiomN981AAgjLX2_rA
_8boMl775asvl5HmuIuv4sg,_Cot9rcvnQ2hbb7Tmlt-MbA
_OHjIPY0QOMzX59ayyVLbvg,_eFsItWQoq5WUqTkUoPNohg,_33shtJG84Tal0CP1GczHFQ,_1ADhGPqp7NWxt-rCT4GnaA
_lKKj2usnqLeDkWV-aFSkgg,_UjeM1cgzWCAc1EWKQczHaA,_nm5CdXaeyij-s6g7_WDJEA,_noIqo67Nug5RLSt7dRdwpA
_lDPD88IPemhtyuRc7qFYrg
_uiONSv0n56d6EjtMdkg7qw,_tOThvrxHCQ1CKEMSp2zfzA
_YnJdi5iSSXpVNQWFi3d8Qw,_ZwPet8PMJ5hkMnZxOCYZig,_gaejIER8mrfnoq637nyX4Q
_ZaTCUMvm6cJB-yEsAhYEpA,_B2UkzQLISZ4yCJMBYbNXWg
_oIXRAFBlz7m802gG--Uk6A,_MnJAklY8QQQ4EDbmS9sDHw,_4xm-mCIlghVXEo1fRedIdw
_0tMUX3iFoeW5qV3y-GR9iQ,_xqocaDoKL_8ms-U59onQMw,_Kt1kqFkv6pdTl9GF4EcT4w
_9WqzexFPSjRX5oKVuTv7tA,_MNntb_d22jIyK8NoArddTg,_6M1sAcgat52ILFYByMR-ug,_PbLj9na71m6R4srJDoUOwQ
_cQhv2Y_HqHBBDBXjQH_XQQ,_t_yAvEGLCa9CBubr-ARdBA
_ck8FprIqKtZdYY4Zba5quw,_ozMMEcvZB0v3ZyugbNDEBA
_Imia-9goXlGoW_3fRv9zDw,_MuCUiy0-RU6c4hDqaW8iHw,_IvTWGW5gQTzIgHw1kGYmGg
_JYGHPJPlW1hAytb3WzK84A,_QsIpnPcrxkrRe0S4IkCz3Q,_-PI11q51h6pMEGhCg6qARg
_usW97KPSaunb6IOvmFlv1A,_65l68Gf8LdA-Hxg9nRtSqA
_3tnI_TL-54z_PE3i2HAk_A,_aMnXBt5Lp0-B8eQ5TICR9g
_bE7wDuhRwzM89o8e86MXRw,_0fsZEgJTExtw-E1t6jk4xg,_l_QkFy2rW9zi11sjK0VCcQ,_8XMYO7F8pnN2ILCtsTRUhA,_MuxID95qmsVb4ZWTNyJ1qg,_IBS56Hunwt2oAuVvjwcQew
_sfsHhvNUY5nDtPSJU4kmEw,_xxfRBK1uOIkSB-1h3TiJIg,_l_YN8NI7n4QtaGel48VDEQ
_vuUAB2ROwGv8qyy7iDXg6g,_0weaGZ7PqBDgimFK7HrMYQ
_mK5KwAbefwEVP7UPxncwWA,_DjK285LqBycODy0TQ-mZIw
_AeM5Minc9KDdRN5Yx6V3-Q
